-- --------------------------------------------------------
-- 主机:                           127.0.0.1
-- 服务器版本:                        10.5.0-MariaDB - mariadb.org binary distribution
-- 服务器操作系统:                      Win64
-- HeidiSQL 版本:                  11.0.0.5919
-- --------------------------------------------------------

/*!40101 SET @OLD_CHARACTER_SET_CLIENT=@@CHARACTER_SET_CLIENT */;
/*!40101 SET NAMES utf8 */;
/*!50503 SET NAMES utf8mb4 */;
/*!40014 SET @OLD_FOREIGN_KEY_CHECKS=@@FOREIGN_KEY_CHECKS, FOREIGN_KEY_CHECKS=0 */;
/*!40101 SET @OLD_SQL_MODE=@@SQL_MODE, SQL_MODE='NO_AUTO_VALUE_ON_ZERO' */;


-- 导出 educationalas 的数据库结构
CREATE DATABASE IF NOT EXISTS `educationalas` /*!40100 DEFAULT CHARACTER SET utf8mb4 COLLATE utf8mb4_unicode_ci */;
USE `educationalas`;

-- 导出  表 educationalas.classgrade 结构
CREATE TABLE IF NOT EXISTS `classgrade` (
  `id` int(11) NOT NULL AUTO_INCREMENT,
  `student_id` char(10) NOT NULL,
  `class_id` char(10) NOT NULL,
  `grade` float unsigned DEFAULT NULL,
  `rank` int(11) DEFAULT NULL,
  `makeup` char(10) DEFAULT NULL,
  PRIMARY KEY (`id`)
) ENGINE=InnoDB DEFAULT CHARSET=utf8;

-- 正在导出表  educationalas.classgrade 的数据：~0 rows (大约)
/*!40000 ALTER TABLE `classgrade` DISABLE KEYS */;
/*!40000 ALTER TABLE `classgrade` ENABLE KEYS */;

-- 导出  表 educationalas.classinfo 结构
CREATE TABLE IF NOT EXISTS `classinfo` (
  `id` char(10) NOT NULL,
  `name` char(20) NOT NULL,
  `hour` int(11) unsigned NOT NULL,
  `capacity` int(11) unsigned NOT NULL,
  `year` char(10) NOT NULL DEFAULT '',
  `start_week` int(2) unsigned NOT NULL DEFAULT 0,
  `end_week` int(2) unsigned NOT NULL DEFAULT 0,
  `teacher_id` char(10) NOT NULL,
  `teacher_name` char(18) NOT NULL,
  `credit` int(11) unsigned NOT NULL,
  PRIMARY KEY (`id`),
  KEY `year` (`year`),
  KEY `teacher_id` (`teacher_id`)
) ENGINE=InnoDB DEFAULT CHARSET=utf8;

-- 正在导出表  educationalas.classinfo 的数据：~173 rows (大约)
/*!40000 ALTER TABLE `classinfo` DISABLE KEYS */;
INSERT INTO `classinfo` (`id`, `name`, `hour`, `capacity`, `year`, `start_week`, `end_week`, `teacher_id`, `teacher_name`, `credit`) VALUES
	('0001', '数据结构', 2, 100, '2019年春', 1, 8, '1', '连', 2),
	('0002', '计算机网络', 2, 120, '2020年春', 1, 14, '2', '朱', 3),
	('2015000002', '材料力学', 24, 30, '2015春', 1, 8, '2', '暨勇男', 2),
	('2015000009', '渗流力学', 24, 100, '2015秋', 1, 8, '9', '贵建弼', 2),
	('2015000019', '线性代数', 24, 100, '2015秋', 1, 8, '19', '蔺俊驰', 2),
	('2015000022', '软件工程', 48, 30, '2015春', 1, 14, '22', '呼延雅志', 4),
	('2015000024', '计算机网络', 24, 120, '2015春', 1, 8, '24', '烟学智', 2),
	('2015000026', '渗流力学', 48, 100, '2015秋', 1, 14, '26', '瑞鸿达', 4),
	('2015000027', '油层物理', 48, 120, '2015秋', 1, 14, '27', '虢英', 4),
	('2015000030', '完井工程', 48, 100, '2015秋', 1, 14, '30', '受永新', 4),
	('2015000034', '线性代数', 24, 100, '2015秋', 1, 8, '34', '剑德', 2),
	('2015000039', '计算方法', 24, 30, '2015秋', 1, 8, '39', '淡嘉佑', 2),
	('2015000045', '复变函数', 48, 120, '2015秋', 1, 14, '45', '奕俊雄', 4),
	('2015000050', '机器学习', 48, 100, '2015秋', 1, 14, '50', '以鸿轩', 4),
	('2015000057', '人工智能', 48, 120, '2015春', 1, 14, '57', '皇甫咏思', 4),
	('2015000061', '高等数学', 24, 120, '2015秋', 1, 8, '61', '钊刚毅', 2),
	('2015000062', '石油工程岩石力学基础', 24, 50, '2015秋', 1, 8, '62', '佘秋', 2),
	('2015000063', '计算机应用基础', 24, 100, '2015春', 1, 8, '63', '狂鸿羲', 2),
	('2015000065', '单片机原理', 48, 100, '2015秋', 1, 14, '65', '强涵意', 4),
	('2015000069', '数学分析', 24, 30, '2015秋', 1, 8, '69', '中元忠', 2),
	('2015000076', '钻井工程', 24, 120, '2015秋', 1, 8, '76', '蒿鹍', 2),
	('2015000086', '理论力学', 48, 100, '2015春', 1, 14, '86', '野成礼', 4),
	('2015000094', '机器学习', 24, 120, '2015秋', 1, 8, '94', '祈璟', 2),
	('2015000102', '复变函数', 48, 120, '2015春', 1, 14, '102', '仁夏柳', 4),
	('2015000104', '高等数学', 48, 30, '2015秋', 1, 14, '104', '运绿竹', 4),
	('2015000119', '离散数学', 24, 30, '2015秋', 1, 8, '119', '谬沛槐', 2),
	('2015000138', '离散数学', 48, 100, '2015秋', 1, 14, '138', '检慕卉', 4),
	('2015000143', '回归分析', 48, 50, '2015春', 1, 14, '143', '浮寻巧', 4),
	('2015000144', '人工智能', 48, 30, '2015春', 1, 14, '144', '雀天巧', 4),
	('2015000152', '机械制图', 48, 30, '2015秋', 1, 14, '152', '系伶伶', 4),
	('2015000170', '复变函数', 48, 50, '2015秋', 1, 14, '170', '宇清绮', 4),
	('2015000181', '计算机应用基础', 48, 50, '2015秋', 1, 14, '181', '况清芬', 4),
	('2015000186', '机器学习', 48, 120, '2015秋', 1, 14, '186', '宦琛', 4),
	('2015000195', '机器学习', 24, 50, '2015秋', 1, 8, '195', '其明艳', 2),
	('2016000002', '普通地质学', 24, 120, '2016秋', 1, 8, '2', '暨勇男', 2),
	('2016000019', '图论', 24, 100, '2016秋', 1, 8, '19', '蔺俊驰', 2),
	('2016000024', '人工智能', 48, 100, '2016秋', 1, 14, '24', '烟学智', 4),
	('2016000026', '渗流力学', 48, 30, '2016春', 1, 14, '26', '瑞鸿达', 4),
	('2016000027', '材料力学', 48, 50, '2016秋', 1, 14, '27', '虢英', 4),
	('2016000030', '机械制图', 48, 100, '2016秋', 1, 14, '30', '受永新', 4),
	('2016000034', '计算方法', 24, 120, '2016春', 1, 8, '34', '剑德', 2),
	('2016000036', '计算机应用基础', 24, 30, '2016秋', 1, 8, '36', '辟建茗', 2),
	('2016000045', '图论', 24, 120, '2016秋', 1, 8, '45', '奕俊雄', 2),
	('2016000061', '计算方法', 24, 120, '2016春', 1, 8, '61', '钊刚毅', 2),
	('2016000062', '材料力学', 24, 50, '2016秋', 1, 8, '62', '佘秋', 2),
	('2016000065', '电子技术', 24, 100, '2016秋', 1, 8, '65', '强涵意', 2),
	('2016000069', '回归分析', 48, 50, '2016秋', 1, 14, '69', '中元忠', 4),
	('2016000086', '采油工程', 48, 50, '2016秋', 1, 14, '86', '野成礼', 4),
	('2016000104', '数理统计', 24, 30, '2016秋', 1, 8, '104', '运绿竹', 2),
	('2016000105', '', 24, 100, '2016春', 1, 8, '105', '范流逸', 2),
	('2016000120', '石油工程岩石力学基础', 48, 50, '2016春', 1, 14, '120', '希曼雁', 4),
	('2016000138', '计算机网络', 24, 50, '2016秋', 1, 8, '138', '检慕卉', 2),
	('2016000143', '数理统计', 48, 120, '2016秋', 1, 14, '143', '浮寻巧', 4),
	('2016000144', '计算机组成原理', 24, 30, '2016秋', 1, 8, '144', '雀天巧', 2),
	('2016000152', '普通地质学', 48, 30, '2016秋', 1, 14, '152', '系伶伶', 4),
	('2016000165', '数理统计', 48, 120, '2016春', 1, 14, '165', '融寻绿', 4),
	('2016000171', '流体力学', 24, 30, '2016春', 1, 8, '171', '饶琨瑶', 2),
	('2016000181', '单片机原理', 48, 100, '2016春', 1, 14, '181', '况清芬', 4),
	('2016000193', '计算机网络', 48, 50, '2016春', 1, 14, '193', '朴雅逸', 4),
	('2016000195', '计算机导论', 48, 100, '2016秋', 1, 14, '195', '其明艳', 4),
	('2017000002', '机械制图', 24, 120, '2017秋', 1, 8, '2', '暨勇男', 2),
	('2017000009', '钻井工程', 48, 50, '2017春', 1, 14, '9', '贵建弼', 4),
	('2017000019', '回归分析', 48, 120, '2017秋', 1, 14, '19', '蔺俊驰', 4),
	('2017000022', '计算机应用基础', 48, 30, '2017秋', 1, 14, '22', '呼延雅志', 4),
	('2017000030', '理论力学', 24, 30, '2017秋', 1, 8, '30', '受永新', 2),
	('2017000036', '计算机组成原理', 24, 30, '2017春', 1, 8, '36', '辟建茗', 2),
	('2017000039', '复变函数', 24, 50, '2017春', 1, 8, '39', '淡嘉佑', 2),
	('2017000045', '数学分析', 48, 100, '2017春', 1, 14, '45', '奕俊雄', 4),
	('2017000061', '复变函数', 24, 120, '2017秋', 1, 8, '61', '钊刚毅', 2),
	('2017000062', '理论力学', 24, 30, '2017春', 1, 8, '62', '佘秋', 2),
	('2017000063', '电子技术', 48, 30, '2017秋', 1, 14, '63', '狂鸿羲', 4),
	('2017000065', '机器学习', 24, 30, '2017秋', 1, 8, '65', '强涵意', 2),
	('2017000069', '图论', 24, 30, '2017秋', 1, 8, '69', '中元忠', 2),
	('2017000076', '采油工程', 48, 120, '2017秋', 1, 14, '76', '蒿鹍', 4),
	('2017000088', '回归分析', 48, 120, '2017秋', 1, 14, '88', '励英发', 4),
	('2017000094', '人工智能', 48, 50, '2017秋', 1, 14, '94', '祈璟', 4),
	('2017000104', '计算方法', 24, 30, '2017春', 1, 8, '104', '运绿竹', 2),
	('2017000108', '普通地质学', 48, 50, '2017春', 1, 14, '108', '束雅彤', 4),
	('2017000118', '单片机原理', 24, 100, '2017秋', 1, 8, '118', '辟小枫', 2),
	('2017000119', '软件工程', 48, 100, '2017秋', 1, 14, '119', '谬沛槐', 4),
	('2017000120', '油藏工程', 24, 120, '2017秋', 1, 8, '120', '希曼雁', 2),
	('2017000122', '高等代数', 48, 30, '2017春', 1, 14, '122', '永文君', 4),
	('2017000144', '离散数学', 24, 120, '2017春', 1, 8, '144', '雀天巧', 2),
	('2017000165', '复变函数', 48, 120, '2017春', 1, 14, '165', '融寻绿', 4),
	('2017000170', '', 48, 100, '2017秋', 1, 14, '170', '宇清绮', 4),
	('2017000186', '电子技术', 48, 30, '2017秋', 1, 14, '186', '宦琛', 4),
	('2017000195', '数据库原理', 48, 100, '2017春', 1, 14, '195', '其明艳', 4),
	('2018000018', '电子技术', 24, 50, '2018秋', 1, 8, '18', '巫伟博', 2),
	('2018000022', '计算机导论', 24, 120, '2018秋', 1, 8, '22', '呼延雅志', 2),
	('2018000024', '计算机应用基础', 24, 120, '2018秋', 1, 8, '24', '烟学智', 2),
	('2018000026', '采油工程', 48, 50, '2018秋', 1, 14, '26', '瑞鸿达', 4),
	('2018000027', '石油工程岩石力学基础', 24, 50, '2018春', 1, 8, '27', '虢英', 2),
	('2018000030', '理论力学', 24, 100, '2018秋', 1, 8, '30', '受永新', 2),
	('2018000039', '图论', 24, 100, '2018秋', 1, 8, '39', '淡嘉佑', 2),
	('2018000061', '数理统计', 24, 30, '2018秋', 1, 8, '61', '钊刚毅', 2),
	('2018000062', '油层物理', 48, 30, '2018秋', 1, 14, '62', '佘秋', 4),
	('2018000063', '电子技术', 24, 30, '2018秋', 1, 8, '63', '狂鸿羲', 2),
	('2018000065', '计算机组成原理', 24, 50, '2018秋', 1, 8, '65', '强涵意', 2),
	('2018000069', '复变函数', 24, 30, '2018秋', 1, 8, '69', '中元忠', 2),
	('2018000076', '材料力学', 24, 50, '2018春', 1, 8, '76', '蒿鹍', 2),
	('2018000086', '完井工程', 48, 100, '2018秋', 1, 14, '86', '野成礼', 4),
	('2018000094', '数据库原理', 48, 50, '2018春', 1, 14, '94', '祈璟', 4),
	('2018000104', '运筹学', 48, 120, '2018秋', 1, 14, '104', '运绿竹', 4),
	('2018000108', '完井工程', 24, 120, '2018秋', 1, 8, '108', '束雅彤', 2),
	('2018000112', '离散数学', 24, 30, '2018秋', 1, 8, '112', '义烟', 2),
	('2018000118', '数据库原理', 24, 30, '2018秋', 1, 8, '118', '辟小枫', 2),
	('2018000119', '人工智能', 48, 50, '2018秋', 1, 14, '119', '谬沛槐', 4),
	('2018000120', '机械制图', 48, 100, '2018春', 1, 14, '120', '希曼雁', 4),
	('2018000122', '数学分析', 48, 100, '2018春', 1, 14, '122', '永文君', 4),
	('2018000138', '数字逻辑', 24, 30, '2018秋', 1, 8, '138', '检慕卉', 2),
	('2018000143', '图论', 48, 30, '2018春', 1, 14, '143', '浮寻巧', 4),
	('2018000165', '高等代数', 24, 120, '2018秋', 1, 8, '165', '融寻绿', 2),
	('2018000169', '计算机网络', 48, 100, '2018秋', 1, 14, '169', '仉素洁', 4),
	('2018000170', '高等代数', 48, 100, '2018春', 1, 14, '170', '宇清绮', 4),
	('2018000171', '石油工程岩石力学基础', 24, 50, '2018春', 1, 8, '171', '饶琨瑶', 2),
	('2018000181', '机器学习', 24, 100, '2018秋', 1, 8, '181', '况清芬', 2),
	('2018000186', '计算机应用基础', 24, 100, '2018春', 1, 8, '186', '宦琛', 2),
	('2018000187', '软件工程', 48, 120, '2018秋', 1, 14, '187', '信佳晨', 4),
	('2018000195', '人工智能', 24, 30, '2018秋', 1, 8, '195', '其明艳', 2),
	('2019000009', '油藏工程', 24, 30, '2019春', 1, 8, '9', '贵建弼', 2),
	('2019000022', '电子技术', 48, 100, '2019春', 1, 14, '22', '呼延雅志', 4),
	('2019000024', '数字逻辑', 24, 30, '2019秋', 1, 8, '24', '烟学智', 2),
	('2019000026', '材料力学', 48, 120, '2019春', 1, 14, '26', '瑞鸿达', 4),
	('2019000027', '普通地质学', 24, 120, '2019春', 1, 8, '27', '虢英', 2),
	('2019000030', '机械制图', 48, 30, '2019秋', 1, 14, '30', '受永新', 4),
	('2019000034', '线性代数', 24, 120, '2019春', 1, 8, '34', '剑德', 2),
	('2019000036', '机器学习', 48, 120, '2019春', 1, 14, '36', '辟建茗', 4),
	('2019000039', '运筹学', 24, 50, '2019春', 1, 8, '39', '淡嘉佑', 2),
	('2019000050', '机器学习', 48, 120, '2019春', 1, 14, '50', '以鸿轩', 4),
	('2019000061', '数学分析', 24, 30, '2019秋', 1, 8, '61', '钊刚毅', 2),
	('2019000062', '普通地质学', 48, 120, '2019秋', 1, 14, '62', '佘秋', 4),
	('2019000076', '完井工程', 24, 30, '2019秋', 1, 8, '76', '蒿鹍', 2),
	('2019000086', '流体力学', 24, 120, '2019秋', 1, 8, '86', '野成礼', 2),
	('2019000105', '', 48, 50, '2019秋', 1, 14, '105', '范流逸', 4),
	('2019000112', '数字逻辑', 48, 120, '2019秋', 1, 14, '112', '义烟', 4),
	('2019000118', '计算机导论', 48, 50, '2019秋', 1, 14, '118', '辟小枫', 4),
	('2019000119', '电子技术', 24, 50, '2019秋', 1, 8, '119', '谬沛槐', 2),
	('2019000138', '离散数学', 48, 120, '2019秋', 1, 14, '138', '检慕卉', 4),
	('2019000143', '高等代数', 24, 30, '2019春', 1, 8, '143', '浮寻巧', 2),
	('2019000165', '回归分析', 48, 30, '2019春', 1, 14, '165', '融寻绿', 4),
	('2019000169', '计算机应用基础', 48, 120, '2019秋', 1, 14, '169', '仉素洁', 4),
	('2019000170', '数理统计', 48, 30, '2019秋', 1, 14, '170', '宇清绮', 4),
	('2019000171', '渗流力学', 48, 120, '2019秋', 1, 14, '171', '饶琨瑶', 4),
	('2019000187', '计算机网络', 24, 30, '2019秋', 1, 8, '187', '信佳晨', 2),
	('2019000195', '计算机组成原理', 48, 120, '2019秋', 1, 14, '195', '其明艳', 4),
	('2020000002', '完井工程', 24, 30, '2020秋', 1, 8, '2', '暨勇男', 2),
	('2020000009', '石油工程岩石力学基础', 24, 100, '2020春', 1, 8, '9', '贵建弼', 2),
	('2020000018', '人工智能', 24, 120, '2020秋', 1, 8, '18', '巫伟博', 2),
	('2020000022', '单片机原理', 48, 30, '2020秋', 1, 14, '22', '呼延雅志', 4),
	('2020000026', '油层物理', 24, 120, '2020春', 1, 8, '26', '瑞鸿达', 2),
	('2020000030', '石油工程岩石力学基础', 24, 120, '2020秋', 1, 8, '30', '受永新', 2),
	('2020000034', '数学分析', 48, 50, '2020秋', 1, 14, '34', '剑德', 4),
	('2020000036', '单片机原理', 24, 100, '2020春', 1, 8, '36', '辟建茗', 2),
	('2020000039', '高等代数', 24, 100, '2020春', 1, 8, '39', '淡嘉佑', 2),
	('2020000045', '计算方法', 48, 50, '2020春', 1, 14, '45', '奕俊雄', 4),
	('2020000050', '电子技术', 24, 50, '2020秋', 1, 8, '50', '以鸿轩', 2),
	('2020000061', '概率论', 48, 120, '2020春', 1, 14, '61', '钊刚毅', 4),
	('2020000062', '渗流力学', 48, 120, '2020秋', 1, 14, '62', '佘秋', 4),
	('2020000063', '人工智能', 24, 50, '2020秋', 1, 8, '63', '狂鸿羲', 2),
	('2020000065', '计算机网络', 48, 50, '2020春', 1, 14, '65', '强涵意', 4),
	('2020000076', '油层物理', 24, 30, '2020春', 1, 8, '76', '蒿鹍', 2),
	('2020000086', '机械制图', 48, 120, '2020秋', 1, 14, '86', '野成礼', 4),
	('2020000105', '高等数学', 24, 50, '2020秋', 1, 8, '105', '范流逸', 2),
	('2020000118', '计算机组成原理', 24, 50, '2020秋', 1, 8, '118', '辟小枫', 2),
	('2020000119', '软件工程', 48, 100, '2020秋', 1, 14, '119', '谬沛槐', 4),
	('2020000143', '线性代数', 48, 120, '2020春', 1, 14, '143', '浮寻巧', 4),
	('2020000144', '计算机组成原理', 48, 100, '2020春', 1, 14, '144', '雀天巧', 4),
	('2020000152', '理论力学', 24, 50, '2020春', 1, 8, '152', '系伶伶', 2),
	('2020000169', '电子技术', 48, 100, '2020秋', 1, 14, '169', '仉素洁', 4),
	('2020000181', '计算机应用基础', 24, 30, '2020春', 1, 8, '181', '况清芬', 2),
	('2020000186', '计算机应用基础', 24, 50, '2020秋', 1, 8, '186', '宦琛', 2),
	('2020000187', '人工智能', 48, 50, '2020春', 1, 14, '187', '信佳晨', 4),
	('2020000195', '计算机导论', 48, 100, '2020秋', 1, 14, '195', '其明艳', 4);
/*!40000 ALTER TABLE `classinfo` ENABLE KEYS */;

-- 导出  表 educationalas.classschedule 结构
CREATE TABLE IF NOT EXISTS `classschedule` (
  `id` int(11) NOT NULL AUTO_INCREMENT,
  `class_id` char(10) NOT NULL,
  `time` time NOT NULL,
  `day` int(10) unsigned NOT NULL DEFAULT 0,
  `classroom` char(10) NOT NULL,
  PRIMARY KEY (`id`),
  KEY `class_id` (`class_id`)
) ENGINE=InnoDB AUTO_INCREMENT=515 DEFAULT CHARSET=utf8;

-- 正在导出表  educationalas.classschedule 的数据：~513 rows (大约)
/*!40000 ALTER TABLE `classschedule` DISABLE KEYS */;
INSERT INTO `classschedule` (`id`, `class_id`, `time`, `day`, `classroom`) VALUES
	(1, '001', '10:05:00', 1, '三教304'),
	(2, '001', '08:00:00', 2, '三教303'),
	(3, '001', '13:30:00', 3, '三教102'),
	(4, '2015000019', '15:30:00', 3, '三教110'),
	(5, '2015000019', '08:00:00', 3, '三教104'),
	(6, '2016000019', '13:30:00', 4, '三教407'),
	(7, '2016000019', '10:05:00', 4, '三教202'),
	(8, '2017000019', '08:00:00', 3, '三教113'),
	(9, '2017000019', '18:30:00', 3, '三教513'),
	(10, '2019000034', '08:00:00', 4, '三教112'),
	(11, '2019000034', '08:00:00', 4, '三教201'),
	(12, '2019000034', '18:30:00', 2, '三教103'),
	(13, '2019000034', '08:00:00', 2, '三教407'),
	(14, '2015000034', '08:00:00', 3, '三教501'),
	(15, '2015000034', '10:05:00', 3, '三教507'),
	(16, '2020000034', '08:00:00', 3, '三教409'),
	(17, '2020000034', '10:05:00', 3, '三教513'),
	(18, '2016000034', '08:00:00', 3, '三教211'),
	(19, '2016000034', '13:30:00', 3, '三教502'),
	(20, '2015000039', '15:30:00', 5, '三教401'),
	(21, '2015000039', '18:30:00', 5, '三教102'),
	(22, '2020000039', '13:30:00', 4, '三教410'),
	(23, '2020000039', '10:05:00', 4, '三教108'),
	(24, '2018000039', '18:30:00', 3, '三教509'),
	(25, '2018000039', '13:30:00', 3, '三教109'),
	(26, '2017000039', '08:00:00', 4, '三教408'),
	(27, '2017000039', '10:05:00', 4, '三教501'),
	(28, '2019000039', '15:30:00', 3, '三教305'),
	(29, '2019000039', '18:30:00', 3, '三教208'),
	(30, '2018000039', '15:30:00', 2, '三教311'),
	(31, '2018000039', '10:05:00', 2, '三教205'),
	(32, '2017000039', '10:05:00', 2, '三教406'),
	(33, '2017000039', '08:00:00', 2, '三教411'),
	(34, '2018000039', '08:00:00', 1, '三教302'),
	(35, '2018000039', '13:30:00', 1, '三教109'),
	(36, '2020000039', '10:05:00', 4, '三教102'),
	(37, '2020000039', '13:30:00', 4, '三教405'),
	(38, '2018000039', '08:00:00', 3, '三教108'),
	(39, '2018000039', '13:30:00', 3, '三教409'),
	(40, '2016000045', '10:05:00', 5, '三教307'),
	(41, '2016000045', '08:00:00', 5, '三教404'),
	(42, '2015000045', '08:00:00', 1, '三教508'),
	(43, '2015000045', '18:30:00', 1, '三教309'),
	(44, '2016000045', '18:30:00', 5, '三教309'),
	(45, '2016000045', '13:30:00', 5, '三教106'),
	(46, '2020000045', '10:05:00', 1, '三教408'),
	(47, '2020000045', '15:30:00', 1, '三教410'),
	(48, '2017000045', '15:30:00', 1, '三教312'),
	(49, '2017000045', '13:30:00', 1, '三教407'),
	(50, '2015000061', '08:00:00', 3, '三教213'),
	(51, '2015000061', '13:30:00', 3, '三教411'),
	(52, '2017000061', '15:30:00', 4, '三教211'),
	(53, '2017000061', '13:30:00', 4, '三教406'),
	(54, '2016000061', '08:00:00', 2, '三教308'),
	(55, '2016000061', '08:00:00', 2, '三教213'),
	(56, '2020000061', '18:30:00', 4, '三教508'),
	(57, '2020000061', '10:05:00', 4, '三教305'),
	(58, '2018000061', '18:30:00', 4, '三教103'),
	(59, '2018000061', '15:30:00', 4, '三教401'),
	(60, '2020000061', '15:30:00', 1, '三教511'),
	(61, '2020000061', '18:30:00', 1, '三教206'),
	(62, '2019000061', '15:30:00', 3, '三教508'),
	(63, '2019000061', '13:30:00', 3, '三教301'),
	(64, '2018000061', '13:30:00', 1, '三教302'),
	(65, '2018000061', '08:00:00', 1, '三教201'),
	(66, '2017000061', '08:00:00', 2, '三教208'),
	(67, '2017000061', '08:00:00', 2, '三教310'),
	(68, '2017000061', '10:05:00', 2, '三教402'),
	(69, '2017000061', '13:30:00', 2, '三教112'),
	(70, '2016000069', '18:30:00', 1, '三教207'),
	(71, '2016000069', '10:05:00', 1, '三教113'),
	(72, '2017000069', '18:30:00', 3, '三教201'),
	(73, '2017000069', '10:05:00', 3, '三教409'),
	(74, '2018000069', '15:30:00', 3, '三教313'),
	(75, '2018000069', '08:00:00', 3, '三教210'),
	(76, '2016000069', '08:00:00', 4, '三教410'),
	(77, '2016000069', '18:30:00', 4, '三教510'),
	(78, '2016000069', '15:30:00', 4, '三教507'),
	(79, '2016000069', '18:30:00', 4, '三教508'),
	(80, '2015000069', '15:30:00', 1, '三教407'),
	(81, '2015000069', '15:30:00', 1, '三教509'),
	(82, '2017000088', '08:00:00', 2, '三教508'),
	(83, '2017000088', '15:30:00', 2, '三教408'),
	(84, '2015000102', '08:00:00', 2, '三教210'),
	(85, '2015000102', '08:00:00', 2, '三教403'),
	(86, '2017000104', '18:30:00', 4, '三教307'),
	(87, '2017000104', '18:30:00', 4, '三教302'),
	(88, '2016000104', '15:30:00', 5, '三教503'),
	(89, '2016000104', '10:05:00', 5, '三教302'),
	(90, '2017000104', '15:30:00', 1, '三教103'),
	(91, '2017000104', '10:05:00', 1, '三教209'),
	(92, '2016000104', '10:05:00', 3, '三教401'),
	(93, '2016000104', '08:00:00', 3, '三教201'),
	(94, '2015000104', '15:30:00', 1, '三教405'),
	(95, '2015000104', '13:30:00', 1, '三教213'),
	(96, '2018000104', '13:30:00', 1, '三教406'),
	(97, '2018000104', '18:30:00', 1, '三教504'),
	(98, '2019000105', '08:00:00', 1, '三教306'),
	(99, '2019000105', '18:30:00', 1, '三教307'),
	(100, '2020000105', '08:00:00', 3, '三教511'),
	(101, '2020000105', '13:30:00', 3, '三教306'),
	(102, '2016000105', '10:05:00', 4, '三教407'),
	(103, '2016000105', '15:30:00', 4, '三教408'),
	(104, '2016000105', '10:05:00', 1, '三教412'),
	(105, '2016000105', '18:30:00', 1, '三教513'),
	(106, '2018000122', '08:00:00', 1, '三教408'),
	(107, '2018000122', '15:30:00', 1, '三教109'),
	(108, '2017000122', '10:05:00', 5, '三教205'),
	(109, '2017000122', '13:30:00', 5, '三教213'),
	(110, '2015000143', '13:30:00', 1, '三教412'),
	(111, '2015000143', '13:30:00', 1, '三教311'),
	(112, '2019000143', '10:05:00', 3, '三教413'),
	(113, '2019000143', '15:30:00', 3, '三教104'),
	(114, '2018000143', '08:00:00', 2, '三教409'),
	(115, '2018000143', '08:00:00', 2, '三教303'),
	(116, '2016000143', '10:05:00', 2, '三教507'),
	(117, '2016000143', '10:05:00', 2, '三教202'),
	(118, '2018000143', '18:30:00', 2, '三教109'),
	(119, '2018000143', '08:00:00', 2, '三教312'),
	(120, '2019000143', '15:30:00', 3, '三教507'),
	(121, '2019000143', '08:00:00', 3, '三教102'),
	(122, '2019000143', '15:30:00', 5, '三教107'),
	(123, '2019000143', '13:30:00', 5, '三教506'),
	(124, '2020000143', '13:30:00', 4, '三教110'),
	(125, '2020000143', '08:00:00', 4, '三教113'),
	(126, '2018000165', '10:05:00', 5, '三教107'),
	(127, '2018000165', '13:30:00', 5, '三教310'),
	(128, '2016000165', '18:30:00', 3, '三教211'),
	(129, '2016000165', '08:00:00', 3, '三教107'),
	(130, '2017000165', '10:05:00', 3, '三教211'),
	(131, '2017000165', '15:30:00', 3, '三教504'),
	(132, '2019000165', '10:05:00', 3, '三教213'),
	(133, '2019000165', '13:30:00', 3, '三教311'),
	(134, '2019000170', '13:30:00', 5, '三教413'),
	(135, '2019000170', '13:30:00', 5, '三教406'),
	(136, '2015000170', '10:05:00', 5, '三教413'),
	(137, '2015000170', '13:30:00', 5, '三教401'),
	(138, '2015000170', '13:30:00', 2, '三教201'),
	(139, '2015000170', '08:00:00', 2, '三教503'),
	(140, '2015000170', '08:00:00', 3, '三教208'),
	(141, '2015000170', '08:00:00', 3, '三教409'),
	(142, '2019000170', '13:30:00', 4, '三教105'),
	(143, '2019000170', '10:05:00', 4, '三教508'),
	(144, '2017000170', '10:05:00', 4, '三教408'),
	(145, '2017000170', '15:30:00', 4, '三教405'),
	(146, '2018000170', '15:30:00', 1, '三教508'),
	(147, '2018000170', '18:30:00', 1, '三教205'),
	(148, '2018000018', '13:30:00', 2, '三教506'),
	(149, '2018000018', '15:30:00', 2, '三教105'),
	(150, '2020000018', '10:05:00', 1, '三教404'),
	(151, '2020000018', '15:30:00', 1, '三教311'),
	(152, '2020000018', '13:30:00', 2, '三教501'),
	(153, '2020000018', '15:30:00', 2, '三教310'),
	(154, '2017000022', '13:30:00', 5, '三教502'),
	(155, '2017000022', '08:00:00', 5, '三教301'),
	(156, '2019000022', '10:05:00', 2, '三教109'),
	(157, '2019000022', '08:00:00', 2, '三教210'),
	(158, '2018000022', '18:30:00', 5, '三教210'),
	(159, '2018000022', '15:30:00', 5, '三教103'),
	(160, '2020000022', '18:30:00', 3, '三教413'),
	(161, '2020000022', '18:30:00', 3, '三教202'),
	(162, '2020000022', '08:00:00', 4, '三教304'),
	(163, '2020000022', '08:00:00', 4, '三教309'),
	(164, '2015000022', '18:30:00', 1, '三教113'),
	(165, '2015000022', '15:30:00', 1, '三教302'),
	(166, '2019000022', '18:30:00', 4, '三教411'),
	(167, '2019000022', '10:05:00', 4, '三教308'),
	(168, '2017000022', '10:05:00', 4, '三教311'),
	(169, '2017000022', '13:30:00', 4, '三教211'),
	(170, '2015000024', '08:00:00', 4, '三教404'),
	(171, '2015000024', '18:30:00', 4, '三教210'),
	(172, '2015000024', '13:30:00', 2, '三教312'),
	(173, '2015000024', '10:05:00', 2, '三教312'),
	(174, '2019000024', '08:00:00', 4, '三教511'),
	(175, '2019000024', '18:30:00', 4, '三教512'),
	(176, '2016000024', '08:00:00', 3, '三教305'),
	(177, '2016000024', '08:00:00', 3, '三教205'),
	(178, '2015000024', '08:00:00', 5, '三教107'),
	(179, '2015000024', '08:00:00', 5, '三教508'),
	(180, '2019000024', '18:30:00', 2, '三教203'),
	(181, '2019000024', '15:30:00', 2, '三教405'),
	(182, '2018000024', '18:30:00', 2, '三教312'),
	(183, '2018000024', '10:05:00', 2, '三教203'),
	(184, '2016000024', '15:30:00', 1, '三教303'),
	(185, '2016000024', '13:30:00', 1, '三教509'),
	(186, '2020000036', '13:30:00', 2, '三教509'),
	(187, '2020000036', '10:05:00', 2, '三教101'),
	(188, '2016000036', '18:30:00', 1, '三教113'),
	(189, '2016000036', '13:30:00', 1, '三教203'),
	(190, '2019000036', '08:00:00', 1, '三教505'),
	(191, '2019000036', '10:05:00', 1, '三教205'),
	(192, '2017000036', '13:30:00', 1, '三教106'),
	(193, '2017000036', '18:30:00', 1, '三教113'),
	(194, '2017000036', '10:05:00', 1, '三教509'),
	(195, '2017000036', '13:30:00', 1, '三教313'),
	(196, '2015000050', '18:30:00', 2, '三教308'),
	(197, '2015000050', '10:05:00', 2, '三教413'),
	(198, '2015000050', '13:30:00', 3, '三教513'),
	(199, '2015000050', '13:30:00', 3, '三教512'),
	(200, '2015000050', '18:30:00', 5, '三教107'),
	(201, '2015000050', '08:00:00', 5, '三教202'),
	(202, '2019000050', '15:30:00', 3, '三教307'),
	(203, '2019000050', '08:00:00', 3, '三教413'),
	(204, '2020000050', '13:30:00', 1, '三教310'),
	(205, '2020000050', '15:30:00', 1, '三教206'),
	(206, '2015000057', '10:05:00', 2, '三教403'),
	(207, '2015000057', '10:05:00', 2, '三教206'),
	(208, '2015000057', '08:00:00', 1, '三教101'),
	(209, '2015000057', '10:05:00', 1, '三教308'),
	(210, '2015000063', '13:30:00', 4, '三教401'),
	(211, '2015000063', '08:00:00', 4, '三教406'),
	(212, '2018000063', '08:00:00', 5, '三教205'),
	(213, '2018000063', '15:30:00', 5, '三教104'),
	(214, '2015000063', '08:00:00', 1, '三教412'),
	(215, '2015000063', '10:05:00', 1, '三教309'),
	(216, '2020000063', '13:30:00', 1, '三教410'),
	(217, '2020000063', '18:30:00', 1, '三教502'),
	(218, '2015000063', '10:05:00', 3, '三教512'),
	(219, '2015000063', '10:05:00', 3, '三教101'),
	(220, '2017000063', '18:30:00', 2, '三教204'),
	(221, '2017000063', '18:30:00', 2, '三教502'),
	(222, '2017000063', '10:05:00', 1, '三教111'),
	(223, '2017000063', '15:30:00', 1, '三教405'),
	(224, '2016000065', '13:30:00', 1, '三教408'),
	(225, '2016000065', '10:05:00', 1, '三教213'),
	(226, '2017000065', '15:30:00', 2, '三教206'),
	(227, '2017000065', '08:00:00', 2, '三教201'),
	(228, '2020000065', '13:30:00', 2, '三教511'),
	(229, '2020000065', '08:00:00', 2, '三教313'),
	(230, '2018000065', '08:00:00', 3, '三教212'),
	(231, '2018000065', '18:30:00', 3, '三教411'),
	(232, '2015000065', '18:30:00', 5, '三教408'),
	(233, '2015000065', '15:30:00', 5, '三教303'),
	(234, '2020000065', '13:30:00', 2, '三教104'),
	(235, '2020000065', '18:30:00', 2, '三教506'),
	(236, '2018000065', '08:00:00', 4, '三教502'),
	(237, '2018000065', '10:05:00', 4, '三教413'),
	(238, '2017000094', '08:00:00', 1, '三教202'),
	(239, '2017000094', '13:30:00', 1, '三教510'),
	(240, '2018000094', '15:30:00', 2, '三教107'),
	(241, '2018000094', '18:30:00', 2, '三教312'),
	(242, '2015000094', '10:05:00', 5, '三教309'),
	(243, '2015000094', '10:05:00', 5, '三教504'),
	(244, '2018000112', '08:00:00', 4, '三教112'),
	(245, '2018000112', '18:30:00', 4, '三教312'),
	(246, '2019000112', '15:30:00', 4, '三教103'),
	(247, '2019000112', '15:30:00', 4, '三教303'),
	(248, '2018000112', '08:00:00', 3, '三教205'),
	(249, '2018000112', '08:00:00', 3, '三教501'),
	(250, '2019000118', '13:30:00', 4, '三教503'),
	(251, '2019000118', '08:00:00', 4, '三教410'),
	(252, '2017000118', '15:30:00', 5, '三教106'),
	(253, '2017000118', '15:30:00', 5, '三教411'),
	(254, '2020000118', '13:30:00', 5, '三教211'),
	(255, '2020000118', '10:05:00', 5, '三教205'),
	(256, '2018000118', '10:05:00', 5, '三教502'),
	(257, '2018000118', '08:00:00', 5, '三教412'),
	(258, '2017000118', '10:05:00', 3, '三教305'),
	(259, '2017000118', '10:05:00', 3, '三教207'),
	(260, '2015000119', '08:00:00', 2, '三教208'),
	(261, '2015000119', '08:00:00', 2, '三教207'),
	(262, '2018000119', '18:30:00', 5, '三教405'),
	(263, '2018000119', '15:30:00', 5, '三教106'),
	(264, '2017000119', '13:30:00', 4, '三教309'),
	(265, '2017000119', '15:30:00', 4, '三教402'),
	(266, '2020000119', '10:05:00', 3, '三教103'),
	(267, '2020000119', '18:30:00', 3, '三教313'),
	(268, '2019000119', '13:30:00', 3, '三教113'),
	(269, '2019000119', '10:05:00', 3, '三教304'),
	(270, '2018000138', '10:05:00', 3, '三教212'),
	(271, '2018000138', '13:30:00', 3, '三教306'),
	(272, '2015000138', '18:30:00', 1, '三教210'),
	(273, '2015000138', '10:05:00', 1, '三教203'),
	(274, '2016000138', '10:05:00', 2, '三教208'),
	(275, '2016000138', '10:05:00', 2, '三教203'),
	(276, '2019000138', '15:30:00', 4, '三教403'),
	(277, '2019000138', '15:30:00', 4, '三教305'),
	(278, '2019000138', '08:00:00', 3, '三教202'),
	(279, '2019000138', '08:00:00', 3, '三教310'),
	(280, '2016000138', '15:30:00', 4, '三教106'),
	(281, '2016000138', '10:05:00', 4, '三教402'),
	(282, '2019000138', '18:30:00', 5, '三教301'),
	(283, '2019000138', '13:30:00', 5, '三教405'),
	(284, '2018000138', '10:05:00', 5, '三教509'),
	(285, '2018000138', '10:05:00', 5, '三教107'),
	(286, '2017000144', '10:05:00', 5, '三教505'),
	(287, '2017000144', '10:05:00', 5, '三教109'),
	(288, '2016000144', '15:30:00', 2, '三教513'),
	(289, '2016000144', '10:05:00', 2, '三教109'),
	(290, '2015000144', '18:30:00', 2, '三教302'),
	(291, '2015000144', '18:30:00', 2, '三教405'),
	(292, '2016000144', '18:30:00', 4, '三教202'),
	(293, '2016000144', '10:05:00', 4, '三教311'),
	(294, '2017000144', '15:30:00', 2, '三教212'),
	(295, '2017000144', '18:30:00', 2, '三教209'),
	(296, '2020000144', '10:05:00', 1, '三教411'),
	(297, '2020000144', '08:00:00', 1, '三教213'),
	(298, '2019000169', '15:30:00', 5, '三教407'),
	(299, '2019000169', '10:05:00', 5, '三教407'),
	(300, '2018000169', '10:05:00', 3, '三教509'),
	(301, '2018000169', '08:00:00', 3, '三教504'),
	(302, '2019000169', '15:30:00', 4, '三教208'),
	(303, '2019000169', '13:30:00', 4, '三教102'),
	(304, '2018000169', '08:00:00', 4, '三教512'),
	(305, '2018000169', '10:05:00', 4, '三教311'),
	(306, '2018000169', '10:05:00', 3, '三教511'),
	(307, '2018000169', '10:05:00', 3, '三教213'),
	(308, '2018000169', '18:30:00', 3, '三教112'),
	(309, '2018000169', '08:00:00', 3, '三教208'),
	(310, '2020000169', '15:30:00', 2, '三教108'),
	(311, '2020000169', '08:00:00', 2, '三教501'),
	(312, '2020000169', '08:00:00', 2, '三教102'),
	(313, '2020000169', '08:00:00', 2, '三教411'),
	(314, '2018000181', '15:30:00', 1, '三教110'),
	(315, '2018000181', '18:30:00', 1, '三教112'),
	(316, '2020000181', '18:30:00', 1, '三教504'),
	(317, '2020000181', '18:30:00', 1, '三教311'),
	(318, '2020000181', '10:05:00', 1, '三教302'),
	(319, '2020000181', '13:30:00', 1, '三教113'),
	(320, '2016000181', '15:30:00', 3, '三教501'),
	(321, '2016000181', '15:30:00', 3, '三教512'),
	(322, '2015000181', '10:05:00', 1, '三教201'),
	(323, '2015000181', '10:05:00', 1, '三教308'),
	(324, '2017000186', '08:00:00', 2, '三教104'),
	(325, '2017000186', '18:30:00', 2, '三教109'),
	(326, '2017000186', '08:00:00', 5, '三教413'),
	(327, '2017000186', '10:05:00', 5, '三教108'),
	(328, '2017000186', '15:30:00', 4, '三教412'),
	(329, '2017000186', '08:00:00', 4, '三教305'),
	(330, '2015000186', '15:30:00', 5, '三教107'),
	(331, '2015000186', '13:30:00', 5, '三教210'),
	(332, '2018000186', '15:30:00', 5, '三教207'),
	(333, '2018000186', '15:30:00', 5, '三教501'),
	(334, '2020000186', '10:05:00', 4, '三教312'),
	(335, '2020000186', '08:00:00', 4, '三教504'),
	(336, '2020000187', '10:05:00', 5, '三教102'),
	(337, '2020000187', '08:00:00', 5, '三教401'),
	(338, '2019000187', '15:30:00', 5, '三教509'),
	(339, '2019000187', '15:30:00', 5, '三教507'),
	(340, '2019000187', '18:30:00', 5, '三教306'),
	(341, '2019000187', '08:00:00', 5, '三教402'),
	(342, '2020000187', '10:05:00', 4, '三教313'),
	(343, '2020000187', '10:05:00', 4, '三教311'),
	(344, '2018000187', '08:00:00', 3, '三教107'),
	(345, '2018000187', '15:30:00', 3, '三教313'),
	(346, '2020000187', '15:30:00', 4, '三教102'),
	(347, '2020000187', '08:00:00', 4, '三教205'),
	(348, '2020000187', '15:30:00', 4, '三教204'),
	(349, '2020000187', '13:30:00', 4, '三教412'),
	(350, '2020000187', '15:30:00', 2, '三教107'),
	(351, '2020000187', '18:30:00', 2, '三教108'),
	(352, '2016000193', '18:30:00', 5, '三教413'),
	(353, '2016000193', '08:00:00', 5, '三教503'),
	(354, '2020000195', '15:30:00', 1, '三教501'),
	(355, '2020000195', '08:00:00', 1, '三教109'),
	(356, '2015000195', '18:30:00', 2, '三教104'),
	(357, '2015000195', '13:30:00', 2, '三教504'),
	(358, '2016000195', '13:30:00', 1, '三教408'),
	(359, '2016000195', '10:05:00', 1, '三教107'),
	(360, '2019000195', '08:00:00', 1, '三教102'),
	(361, '2019000195', '18:30:00', 1, '三教102'),
	(362, '2018000195', '08:00:00', 1, '三教307'),
	(363, '2018000195', '15:30:00', 1, '三教409'),
	(364, '2018000195', '13:30:00', 3, '三教501'),
	(365, '2018000195', '18:30:00', 3, '三教210'),
	(366, '2017000195', '13:30:00', 3, '三教503'),
	(367, '2017000195', '15:30:00', 3, '三教304'),
	(368, '2016000002', '08:00:00', 2, '三教313'),
	(369, '2016000002', '18:30:00', 2, '三教303'),
	(370, '2015000002', '13:30:00', 5, '三教403'),
	(371, '2015000002', '10:05:00', 5, '三教505'),
	(372, '2017000002', '18:30:00', 3, '三教203'),
	(373, '2017000002', '08:00:00', 3, '三教311'),
	(374, '2020000002', '18:30:00', 2, '三教110'),
	(375, '2020000002', '15:30:00', 2, '三教212'),
	(376, '2020000009', '08:00:00', 3, '三教203'),
	(377, '2020000009', '18:30:00', 3, '三教211'),
	(378, '2015000009', '08:00:00', 2, '三教304'),
	(379, '2015000009', '13:30:00', 2, '三教302'),
	(380, '2019000009', '15:30:00', 1, '三教101'),
	(381, '2019000009', '10:05:00', 1, '三教210'),
	(382, '2017000009', '10:05:00', 1, '三教309'),
	(383, '2017000009', '10:05:00', 1, '三教411'),
	(384, '2019000009', '15:30:00', 2, '三教311'),
	(385, '2019000009', '18:30:00', 2, '三教503'),
	(386, '2015000026', '13:30:00', 1, '三教209'),
	(387, '2015000026', '10:05:00', 1, '三教210'),
	(388, '2019000026', '13:30:00', 1, '三教103'),
	(389, '2019000026', '15:30:00', 1, '三教404'),
	(390, '2020000026', '18:30:00', 1, '三教102'),
	(391, '2020000026', '13:30:00', 1, '三教411'),
	(392, '2016000026', '10:05:00', 5, '三教409'),
	(393, '2016000026', '13:30:00', 5, '三教105'),
	(394, '2018000026', '18:30:00', 3, '三教305'),
	(395, '2018000026', '18:30:00', 3, '三教409'),
	(396, '2015000026', '18:30:00', 1, '三教512'),
	(397, '2015000026', '15:30:00', 1, '三教207'),
	(398, '2019000027', '15:30:00', 3, '三教511'),
	(399, '2019000027', '13:30:00', 3, '三教102'),
	(400, '2015000027', '08:00:00', 1, '三教210'),
	(401, '2015000027', '15:30:00', 1, '三教205'),
	(402, '2016000027', '10:05:00', 2, '三教405'),
	(403, '2016000027', '08:00:00', 2, '三教201'),
	(404, '2018000027', '10:05:00', 1, '三教503'),
	(405, '2018000027', '13:30:00', 1, '三教305'),
	(406, '2015000027', '15:30:00', 5, '三教301'),
	(407, '2015000027', '10:05:00', 5, '三教108'),
	(408, '2019000027', '18:30:00', 3, '三教401'),
	(409, '2019000027', '13:30:00', 3, '三教211'),
	(410, '2015000027', '08:00:00', 2, '三教206'),
	(411, '2015000027', '18:30:00', 2, '三教213'),
	(412, '2016000027', '13:30:00', 5, '三教310'),
	(413, '2016000027', '13:30:00', 5, '三教308'),
	(414, '2015000027', '15:30:00', 1, '三教409'),
	(415, '2015000027', '13:30:00', 1, '三教306'),
	(416, '2017000030', '15:30:00', 5, '三教102'),
	(417, '2017000030', '15:30:00', 5, '三教302'),
	(418, '2015000030', '08:00:00', 3, '三教213'),
	(419, '2015000030', '13:30:00', 3, '三教304'),
	(420, '2018000030', '15:30:00', 5, '三教505'),
	(421, '2018000030', '18:30:00', 5, '三教105'),
	(422, '2016000030', '10:05:00', 3, '三教508'),
	(423, '2016000030', '13:30:00', 3, '三教207'),
	(424, '2020000030', '13:30:00', 5, '三教112'),
	(425, '2020000030', '13:30:00', 5, '三教309'),
	(426, '2019000030', '08:00:00', 3, '三教208'),
	(427, '2019000030', '18:30:00', 3, '三教508'),
	(428, '2017000030', '10:05:00', 1, '三教503'),
	(429, '2017000030', '10:05:00', 1, '三教409'),
	(430, '2016000030', '18:30:00', 1, '三教303'),
	(431, '2016000030', '13:30:00', 1, '三教411'),
	(432, '2019000062', '15:30:00', 1, '三教303'),
	(433, '2019000062', '15:30:00', 1, '三教108'),
	(434, '2020000062', '15:30:00', 5, '三教305'),
	(435, '2020000062', '15:30:00', 5, '三教107'),
	(436, '2015000062', '10:05:00', 2, '三教503'),
	(437, '2015000062', '18:30:00', 2, '三教510'),
	(438, '2018000062', '15:30:00', 3, '三教304'),
	(439, '2018000062', '08:00:00', 3, '三教108'),
	(440, '2020000062', '18:30:00', 5, '三教108'),
	(441, '2020000062', '08:00:00', 5, '三教207'),
	(442, '2017000062', '18:30:00', 3, '三教203'),
	(443, '2017000062', '08:00:00', 3, '三教413'),
	(444, '2017000062', '08:00:00', 4, '三教507'),
	(445, '2017000062', '15:30:00', 4, '三教307'),
	(446, '2016000062', '10:05:00', 2, '三教208'),
	(447, '2016000062', '18:30:00', 2, '三教402'),
	(448, '2019000076', '13:30:00', 1, '三教412'),
	(449, '2019000076', '18:30:00', 1, '三教110'),
	(450, '2017000076', '15:30:00', 2, '三教306'),
	(451, '2017000076', '13:30:00', 2, '三教512'),
	(452, '2019000076', '08:00:00', 4, '三教412'),
	(453, '2019000076', '08:00:00', 4, '三教404'),
	(454, '2015000076', '13:30:00', 1, '三教505'),
	(455, '2015000076', '13:30:00', 1, '三教210'),
	(456, '2018000076', '18:30:00', 5, '三教209'),
	(457, '2018000076', '18:30:00', 5, '三教407'),
	(458, '2018000076', '08:00:00', 2, '三教511'),
	(459, '2018000076', '18:30:00', 2, '三教310'),
	(460, '2019000076', '18:30:00', 1, '三教209'),
	(461, '2019000076', '08:00:00', 1, '三教306'),
	(462, '2017000076', '13:30:00', 1, '三教408'),
	(463, '2017000076', '08:00:00', 1, '三教402'),
	(464, '2017000076', '18:30:00', 4, '三教512'),
	(465, '2017000076', '13:30:00', 4, '三教203'),
	(466, '2020000076', '08:00:00', 4, '三教210'),
	(467, '2020000076', '08:00:00', 4, '三教102'),
	(468, '2016000086', '18:30:00', 5, '三教307'),
	(469, '2016000086', '15:30:00', 5, '三教210'),
	(470, '2018000086', '13:30:00', 5, '三教102'),
	(471, '2018000086', '15:30:00', 5, '三教213'),
	(472, '2018000086', '15:30:00', 2, '三教408'),
	(473, '2018000086', '18:30:00', 2, '三教304'),
	(474, '2020000086', '18:30:00', 4, '三教202'),
	(475, '2020000086', '08:00:00', 4, '三教105'),
	(476, '2016000086', '13:30:00', 3, '三教112'),
	(477, '2016000086', '08:00:00', 3, '三教111'),
	(478, '2016000086', '13:30:00', 1, '三教311'),
	(479, '2016000086', '15:30:00', 1, '三教404'),
	(480, '2018000086', '08:00:00', 4, '三教411'),
	(481, '2018000086', '18:30:00', 4, '三教310'),
	(482, '2015000086', '18:30:00', 1, '三教206'),
	(483, '2015000086', '15:30:00', 1, '三教303'),
	(484, '2019000086', '08:00:00', 5, '三教301'),
	(485, '2019000086', '18:30:00', 5, '三教108'),
	(486, '2016000086', '18:30:00', 4, '三教108'),
	(487, '2016000086', '15:30:00', 4, '三教312'),
	(488, '2017000108', '10:05:00', 3, '三教507'),
	(489, '2017000108', '08:00:00', 3, '三教108'),
	(490, '2018000108', '15:30:00', 3, '三教112'),
	(491, '2018000108', '10:05:00', 3, '三教306'),
	(492, '2016000120', '15:30:00', 2, '三教112'),
	(493, '2016000120', '13:30:00', 2, '三教208'),
	(494, '2017000120', '08:00:00', 5, '三教507'),
	(495, '2017000120', '15:30:00', 5, '三教504'),
	(496, '2018000120', '13:30:00', 4, '三教201'),
	(497, '2018000120', '08:00:00', 4, '三教211'),
	(498, '2016000152', '10:05:00', 1, '三教506'),
	(499, '2016000152', '13:30:00', 1, '三教108'),
	(500, '2015000152', '08:00:00', 5, '三教203'),
	(501, '2015000152', '18:30:00', 5, '三教506'),
	(502, '2016000152', '13:30:00', 1, '三教110'),
	(503, '2016000152', '13:30:00', 1, '三教405'),
	(504, '2015000152', '15:30:00', 5, '三教113'),
	(505, '2015000152', '18:30:00', 5, '三教411'),
	(506, '2020000152', '13:30:00', 3, '三教508'),
	(507, '2020000152', '13:30:00', 3, '三教108'),
	(508, '2019000171', '10:05:00', 2, '三教110'),
	(509, '2019000171', '10:05:00', 2, '三教505'),
	(510, '2016000171', '13:30:00', 2, '三教209'),
	(511, '2016000171', '10:05:00', 2, '三教213'),
	(512, '2018000171', '18:30:00', 2, '三教309'),
	(513, '2018000171', '18:30:00', 2, '三教303');
/*!40000 ALTER TABLE `classschedule` ENABLE KEYS */;

-- 导出  表 educationalas.comment 结构
CREATE TABLE IF NOT EXISTS `comment` (
  `id` int(11) NOT NULL AUTO_INCREMENT,
  `class_id` char(10) NOT NULL,
  `class_name` char(20) NOT NULL,
  `teacher_id` char(10) NOT NULL,
  `teacher_name` char(18) NOT NULL,
  `content` char(200) NOT NULL,
  `student_id` char(10) NOT NULL,
  PRIMARY KEY (`id`),
  KEY `student_id` (`student_id`),
  KEY `teacher_id` (`teacher_id`)
) ENGINE=InnoDB AUTO_INCREMENT=2 DEFAULT CHARSET=utf8;

-- 正在导出表  educationalas.comment 的数据：~1 rows (大约)
/*!40000 ALTER TABLE `comment` DISABLE KEYS */;
INSERT INTO `comment` (`id`, `class_id`, `class_name`, `teacher_id`, `teacher_name`, `content`, `student_id`) VALUES
	(1, '0001', '数据结构', '0011', '李', 'good', '2017011294');
/*!40000 ALTER TABLE `comment` ENABLE KEYS */;

-- 导出  表 educationalas.electiveinfo 结构
CREATE TABLE IF NOT EXISTS `electiveinfo` (
  `id` int(11) NOT NULL AUTO_INCREMENT,
  `class_id` char(10) COLLATE utf8mb4_unicode_ci NOT NULL,
  `student_id` char(10) COLLATE utf8mb4_unicode_ci NOT NULL,
  PRIMARY KEY (`id`)
) ENGINE=InnoDB DEFAULT CHARSET=utf8mb4 COLLATE=utf8mb4_unicode_ci;

-- 正在导出表  educationalas.electiveinfo 的数据：~0 rows (大约)
/*!40000 ALTER TABLE `electiveinfo` DISABLE KEYS */;
/*!40000 ALTER TABLE `electiveinfo` ENABLE KEYS */;

-- 导出  表 educationalas.profprogram 结构
CREATE TABLE IF NOT EXISTS `profprogram` (
  `id` int(11) NOT NULL AUTO_INCREMENT,
  `specialty` char(20) NOT NULL,
  `class_id` char(10) NOT NULL,
  `class_name` char(20) NOT NULL,
  `credit` int(11) NOT NULL,
  PRIMARY KEY (`id`),
  KEY `specialty` (`specialty`)
) ENGINE=InnoDB DEFAULT CHARSET=utf8 COMMENT='专业培养方案';

-- 正在导出表  educationalas.profprogram 的数据：~0 rows (大约)
/*!40000 ALTER TABLE `profprogram` DISABLE KEYS */;
/*!40000 ALTER TABLE `profprogram` ENABLE KEYS */;

-- 导出  表 educationalas.student 结构
CREATE TABLE IF NOT EXISTS `student` (
  `id` char(10) NOT NULL,
  `name` char(18) NOT NULL,
  `gender` int(1) NOT NULL,
  `department` char(20) NOT NULL,
  `specialty` char(20) NOT NULL,
  `class` char(20) NOT NULL,
  `age` int(11) NOT NULL,
  `admission_time` year(4) NOT NULL,
  `address` char(40) DEFAULT NULL,
  `tel` char(11) DEFAULT NULL,
  PRIMARY KEY (`id`),
  KEY `specialty` (`specialty`,`department`) USING BTREE
) ENGINE=InnoDB DEFAULT CHARSET=utf8;

-- 正在导出表  educationalas.student 的数据：~600 rows (大约)
/*!40000 ALTER TABLE `student` DISABLE KEYS */;
INSERT INTO `student` (`id`, `name`, `gender`, `department`, `specialty`, `class`, `age`, `admission_time`, `address`, `tel`) VALUES
	('2000000025', '溥英华', 1, '外国语学院', '亚欧语教学部', '00-1', 16, '2000', NULL, NULL),
	('2000000044', '崇兴', 1, '理学院', '物理系', '00-1', 17, '2000', NULL, NULL),
	('2000000046', '德超', 1, '经济管理学院', '会计系', '00-3', 19, '2000', NULL, NULL),
	('2000000060', '盖晗', 1, '理学院', '数学系', '00-3', 23, '2000', NULL, NULL),
	('2000000071', '步凯唱', 1, '经济管理学院', '应用经济系', '00-1', 19, '2000', NULL, NULL),
	('2000000110', '蓝飞龙', 1, '新能源与材料学院', '新能源科学与工程系', '00-2', 23, '2000', NULL, NULL),
	('2000000135', '革悦', 1, '机械与储运工程学院', '热能工程系', '00-2', 16, '2000', NULL, NULL),
	('2000000143', '红欣荣', 1, '经济管理学院', '金融系', '00-2', 21, '2000', NULL, NULL),
	('2000000155', '陈文赋', 1, '信息科学与工程学院', '软件工程系', '00-1', 22, '2000', NULL, NULL),
	('2000000191', '酒巍奕', 1, '外国语学院', 'MTI（翻译专业硕士）教育中心', '00-2', 22, '2000', NULL, NULL),
	('2000000242', '摩志诚', 1, '机械与储运工程学院', '过程装备系', '00-1', 24, '2000', NULL, NULL),
	('2000000256', '捷方', 1, '机械与储运工程学院', '热能工程系', '00-3', 22, '2000', NULL, NULL),
	('2000000286', '鄂浩波', 1, '新能源与材料学院', '新能源科学与工程系', '00-2', 18, '2000', NULL, NULL),
	('2000000287', '希祺福', 1, '石油工程学院', '油气田开发工程系', '00-2', 24, '2000', NULL, NULL),
	('2000000357', '瓮友灵', 0, '机械与储运工程学院', '机电工程系', '00-3', 18, '2000', NULL, NULL),
	('2000000384', '濯兰泽', 0, '机械与储运工程学院', '机电工程系', '00-2', 22, '2000', NULL, NULL),
	('2000000391', '仆凡之', 0, '机械与储运工程学院', '过程装备系', '00-1', 22, '2000', NULL, NULL),
	('2000000423', '乌雅慕悦', 0, '地球科学学院', '油气勘探与开发地质系', '00-3', 18, '2000', NULL, NULL),
	('2000000438', '台初夏', 0, '经济管理学院', '企业管理系', '00-2', 24, '2000', NULL, NULL),
	('2000000468', '纳晶辉', 0, '理学院', '数学系', '00-3', 24, '2000', NULL, NULL),
	('2000000470', '类芊芊', 0, '外国语学院', '大学英语教学部', '00-3', 20, '2000', NULL, NULL),
	('2000000471', '端木玮琪', 0, '地球物理学院', '测井系', '00-3', 23, '2000', NULL, NULL),
	('2000000484', '翟真茹', 0, '安全与海洋工程学院', '安全工程系', '00-2', 19, '2000', NULL, NULL),
	('2000000500', '潭晗玥', 0, '信息科学与工程学院', '计算智能教学与研究中心', '00-1', 19, '2000', NULL, NULL),
	('2000000518', '吾远', 0, '经济管理学院', '企业管理系', '00-3', 23, '2000', NULL, NULL),
	('2000000544', '邸月桃', 0, '信息科学与工程学院', '计算机科学与技术系', '00-3', 18, '2000', NULL, NULL),
	('2000000569', '雍含烟', 0, '安全与海洋工程学院', '安全工程系', '00-2', 16, '2000', NULL, NULL),
	('2000000596', '呼含云', 0, '地球物理学院', '测井系', '00-3', 18, '2000', NULL, NULL),
	('2001000016', '建易', 1, '外国语学院', '研究生英语教学部', '01-3', 17, '2001', NULL, NULL),
	('2001000032', '扶嘉福', 1, '化学工程与环境学院', '环境科学系', '01-3', 22, '2001', NULL, NULL),
	('2001000132', '咎震', 1, '地球科学学院', '盆地与油藏研究中心', '01-2', 19, '2001', NULL, NULL),
	('2001000138', '蒿凯乐', 1, '机械与储运工程学院', '过程装备系', '01-1', 17, '2001', NULL, NULL),
	('2001000142', '召彭彭', 1, '化学工程与环境学院', '化学工艺系', '01-2', 20, '2001', NULL, NULL),
	('2001000168', '桐翰', 1, '化学工程与环境学院', '环境工程系', '01-1', 16, '2001', NULL, NULL),
	('2001000186', '狄博简', 1, '理学院', '物理系', '01-1', 24, '2001', NULL, NULL),
	('2001000203', '卷致', 1, '经济管理学院', '金融系', '01-3', 16, '2001', NULL, NULL),
	('2001000209', '吴海超', 1, '经济管理学院', '会计系', '01-1', 17, '2001', NULL, NULL),
	('2001000238', '琦懿轩', 1, '地球物理学院', '测井系', '01-1', 22, '2001', NULL, NULL),
	('2001000298', '镇俊茂', 1, '经济管理学院', '应用经济系', '01-1', 20, '2001', NULL, NULL),
	('2001000319', '莱白亦', 0, '经济管理学院', '金融系', '01-2', 16, '2001', NULL, NULL),
	('2001000328', '望雨真', 0, '外国语学院', '大学英语教学部', '01-2', 18, '2001', NULL, NULL),
	('2001000352', '风幻儿', 0, '石油工程学院', '油气井工程系', '01-3', 24, '2001', NULL, NULL),
	('2001000353', '接霞雰', 0, '安全与海洋工程学院', '海洋油气工程系', '01-1', 17, '2001', NULL, NULL),
	('2001000367', '水幼安', 0, '经济管理学院', '管理科学与工程系', '01-2', 19, '2001', NULL, NULL),
	('2001000409', '陀琳', 0, '安全与海洋工程学院', '安全工程系', '01-2', 16, '2001', NULL, NULL),
	('2001000417', '甫觅珍', 0, '化学工程与环境学院', '环境工程系', '01-2', 19, '2001', NULL, NULL),
	('2001000463', '佘君洁', 0, '外国语学院', '英语系', '01-3', 22, '2001', NULL, NULL),
	('2001000490', '池春华', 0, '地球物理学院', '测井系', '01-2', 23, '2001', NULL, NULL),
	('2001000517', '阎白卉', 0, '信息科学与工程学院', '教学实验中心', '01-3', 21, '2001', NULL, NULL),
	('2001000524', '詹逸丽', 0, '化学工程与环境学院', '能源与催化工程系', '01-3', 21, '2001', NULL, NULL),
	('2001000535', '荤元柳', 0, '信息科学与工程学院', '教学实验中心', '01-3', 24, '2001', NULL, NULL),
	('2001000552', '暨逸思', 0, '外国语学院', '英语系', '01-2', 21, '2001', NULL, NULL),
	('2002000007', '乌孙鸿光', 1, '地球物理学院', '测井系', '02-1', 23, '2002', NULL, NULL),
	('2002000022', '范姜飞雨', 1, '安全与海洋工程学院', '海洋油气工程系', '02-1', 21, '2002', NULL, NULL),
	('2002000087', '敏子石', 1, '地球科学学院', '盆地与油藏研究中心', '02-3', 24, '2002', NULL, NULL),
	('2002000106', '何义', 1, '外国语学院', '研究生英语教学部', '02-2', 21, '2002', NULL, NULL),
	('2002000148', '磨良朋', 1, '地球科学学院', '地质学系', '02-2', 22, '2002', NULL, NULL),
	('2002000159', '游宏胜', 1, '化学工程与环境学院', '环境科学系', '02-2', 19, '2002', NULL, NULL),
	('2002000162', '乾弘图', 1, '外国语学院', '英语系', '02-2', 18, '2002', NULL, NULL),
	('2002000206', '钭和正', 1, '外国语学院', '研究生英语教学部', '02-1', 16, '2002', NULL, NULL),
	('2002000208', '历鸿飞', 1, '信息科学与工程学院', '电子信息工程系', '02-1', 18, '2002', NULL, NULL),
	('2002000224', '饶昌燎', 1, '地球物理学院', '物探系', '02-3', 19, '2002', NULL, NULL),
	('2002000247', '项高', 1, '经济管理学院', '应用经济系', '02-2', 21, '2002', NULL, NULL),
	('2002000260', '谭飞掣', 1, '地球科学学院', '地质学系', '02-2', 23, '2002', NULL, NULL),
	('2002000264', '战晋', 1, '地球科学学院', '地质学系', '02-1', 16, '2002', NULL, NULL),
	('2002000273', '肖经亘', 1, '信息科学与工程学院', '电子信息工程系', '02-1', 17, '2002', NULL, NULL),
	('2002000292', '贯昊苍', 1, '信息科学与工程学院', '电子信息工程系', '02-1', 19, '2002', NULL, NULL),
	('2002000314', '解慧心', 0, '石油工程学院', '油气井工程系', '02-1', 21, '2002', NULL, NULL),
	('2002000327', '寻竹筱', 0, '地球科学学院', '油气勘探与开发地质系', '02-1', 24, '2002', NULL, NULL),
	('2002000377', '翁映菡', 0, '石油工程学院', '油气井工程系', '02-3', 17, '2002', NULL, NULL),
	('2002000428', '贾蓓', 0, '理学院', '应用化学系', '02-1', 16, '2002', NULL, NULL),
	('2002000435', '蹇静和', 0, '机械与储运工程学院', '热能工程系', '02-3', 23, '2002', NULL, NULL),
	('2002000482', '季梦槐', 0, '化学工程与环境学院', '化学工艺系', '02-3', 19, '2002', NULL, NULL),
	('2002000488', '张简古兰', 0, '机械与储运工程学院', '机电工程系', '02-2', 20, '2002', NULL, NULL),
	('2002000495', '宏千凡', 0, '化学工程与环境学院', '环境科学系', '02-2', 21, '2002', NULL, NULL),
	('2002000508', '暴洁雅', 0, '化学工程与环境学院', '环境科学系', '02-2', 19, '2002', NULL, NULL),
	('2002000511', '扶采梦', 0, '石油工程学院', '油气田开发工程系', '02-3', 22, '2002', NULL, NULL),
	('2002000545', '黎馨蓉', 0, '外国语学院', '中国国际能源舆情研究中心', '02-2', 19, '2002', NULL, NULL),
	('2002000546', '老雁卉', 0, '石油工程学院', '油气井工程系', '02-3', 18, '2002', NULL, NULL),
	('2002000562', '鹿秀曼', 0, '机械与储运工程学院', '油气储运工程系', '02-1', 17, '2002', NULL, NULL),
	('2002000563', '阳笑天', 0, '信息科学与工程学院', '计算机科学与技术系', '02-2', 19, '2002', NULL, NULL),
	('2002000572', '少盼', 0, '信息科学与工程学院', '计算机科学与技术系', '02-3', 20, '2002', NULL, NULL),
	('2002000597', '豆琴音', 0, '理学院', '数学系', '02-2', 19, '2002', NULL, NULL),
	('2003000003', '不星津', 1, '外国语学院', '研究生英语教学部', '03-2', 21, '2003', NULL, NULL),
	('2003000029', '瓮烨华', 1, '新能源与材料学院', '材料科学与工程系', '03-3', 16, '2003', NULL, NULL),
	('2003000031', '素智杰', 1, '外国语学院', '研究生英语教学部', '03-2', 22, '2003', NULL, NULL),
	('2003000047', '风泰', 1, '经济管理学院', '金融系', '03-3', 23, '2003', NULL, NULL),
	('2003000095', '实高格', 1, '机械与储运工程学院', '油气储运工程系', '03-3', 18, '2003', NULL, NULL),
	('2003000136', '仍钧', 1, '信息科学与工程学院', '软件工程系', '03-3', 23, '2003', NULL, NULL),
	('2003000170', '旁英哲', 1, '地球科学学院', '地质学系', '03-2', 22, '2003', NULL, NULL),
	('2003000173', '诺景逸', 1, '地球科学学院', '盆地与油藏研究中心', '03-3', 19, '2003', NULL, NULL),
	('2003000175', '乔振强', 1, '信息科学与工程学院', '计算机科学与技术系', '03-1', 20, '2003', NULL, NULL),
	('2003000211', '殳星辰', 1, '外国语学院', 'MTI（翻译专业硕士）教育中心', '03-1', 24, '2003', NULL, NULL),
	('2003000241', '海彦', 1, '机械与储运工程学院', '油气储运工程系', '03-2', 21, '2003', NULL, NULL),
	('2003000307', '令狐欣可', 0, '经济管理学院', '应用经济系', '03-3', 21, '2003', NULL, NULL),
	('2003000316', '沈暮雨', 0, '地球科学学院', '地质学系', '03-3', 18, '2003', NULL, NULL),
	('2003000317', '始秋莲', 0, '化学工程与环境学院', '环境工程系', '03-3', 17, '2003', NULL, NULL),
	('2003000330', '才傲儿', 0, '信息科学与工程学院', '自动化系', '03-3', 16, '2003', NULL, NULL),
	('2003000349', '隐清宁', 0, '化学工程与环境学院', '能源与催化工程系', '03-1', 17, '2003', NULL, NULL),
	('2003000361', '板碧菡', 0, '信息科学与工程学院', '软件工程系', '03-2', 19, '2003', NULL, NULL),
	('2003000379', '桑美华', 0, '理学院', '数学系', '03-3', 16, '2003', NULL, NULL),
	('2003000385', '嘉易巧', 0, '石油工程学院', '油气井工程系', '03-1', 17, '2003', NULL, NULL),
	('2003000387', '璩韵磬', 0, '理学院', '应用化学系', '03-2', 21, '2003', NULL, NULL),
	('2003000408', '澹台迎波', 0, '理学院', '应用化学系', '03-1', 21, '2003', NULL, NULL),
	('2003000452', '严元冬', 0, '经济管理学院', '管理科学与工程系', '03-3', 21, '2003', NULL, NULL),
	('2003000498', '蒯春翠', 0, '新能源与材料学院', '材料科学与工程系', '03-1', 24, '2003', NULL, NULL),
	('2003000510', '和笑寒', 0, '安全与海洋工程学院', '海洋油气工程系', '03-1', 23, '2003', NULL, NULL),
	('2003000555', '辛攸然', 0, '信息科学与工程学院', '教学实验中心', '03-1', 16, '2003', NULL, NULL),
	('2004000008', '姚志国', 1, '外国语学院', '亚欧语教学部', '04-2', 24, '2004', NULL, NULL),
	('2004000038', '漫乐和', 1, '机械与储运工程学院', '热能工程系', '04-2', 16, '2004', NULL, NULL),
	('2004000058', '中烨然', 1, '地球物理学院', '测井系', '04-3', 20, '2004', NULL, NULL),
	('2004000098', '鄢力行', 1, '理学院', '数学系', '04-2', 16, '2004', NULL, NULL),
	('2004000228', '多令梓', 1, '地球科学学院', '油气勘探与开发地质系', '04-1', 21, '2004', NULL, NULL),
	('2004000248', '城韶', 1, '安全与海洋工程学院', '海洋油气工程系', '04-2', 23, '2004', NULL, NULL),
	('2004000281', '郏宏才', 1, '外国语学院', '中国国际能源舆情研究中心', '04-3', 24, '2004', NULL, NULL),
	('2004000288', '沐宇寰', 1, '经济管理学院', '应用经济系', '04-1', 24, '2004', NULL, NULL),
	('2004000295', '玉季同', 1, '信息科学与工程学院', '计算机科学与技术系', '04-2', 22, '2004', NULL, NULL),
	('2004000358', '千瑜然', 0, '机械与储运工程学院', '过程装备系', '04-3', 17, '2004', NULL, NULL),
	('2004000359', '文囡囡', 0, '外国语学院', '研究生英语教学部', '04-3', 20, '2004', NULL, NULL),
	('2004000404', '孔绿柏', 0, '地球物理学院', '测井系', '04-2', 16, '2004', NULL, NULL),
	('2004000405', '司寇姝丽', 0, '机械与储运工程学院', '热能工程系', '04-3', 18, '2004', NULL, NULL),
	('2004000412', '第谷', 0, '经济管理学院', '管理科学与工程系', '04-2', 18, '2004', NULL, NULL),
	('2004000421', '柳灵溪', 0, '外国语学院', '英语系', '04-1', 24, '2004', NULL, NULL),
	('2004000430', '腾天真', 0, '信息科学与工程学院', '软件工程系', '04-3', 21, '2004', NULL, NULL),
	('2004000437', '淳于豆', 0, '理学院', '应用化学系', '04-1', 17, '2004', NULL, NULL),
	('2004000445', '长孙莉', 0, '机械与储运工程学院', '油气储运工程系', '04-1', 18, '2004', NULL, NULL),
	('2004000451', '班幼菱', 0, '地球物理学院', '测井系', '04-3', 22, '2004', NULL, NULL),
	('2004000485', '第五春兰', 0, '外国语学院', '大学英语教学部', '04-3', 19, '2004', NULL, NULL),
	('2004000502', '无昕珏', 0, '信息科学与工程学院', '自动化系', '04-2', 19, '2004', NULL, NULL),
	('2004000514', '乘夜南', 0, '安全与海洋工程学院', '安全工程系', '04-2', 22, '2004', NULL, NULL),
	('2004000537', '太史幻枫', 0, '经济管理学院', '会计系', '04-2', 19, '2004', NULL, NULL),
	('2004000539', '渠言心', 0, '经济管理学院', '金融系', '04-1', 17, '2004', NULL, NULL),
	('2004000576', '系思楠', 0, '经济管理学院', '金融系', '04-3', 19, '2004', NULL, NULL),
	('2004000581', '由今歌', 0, '石油工程学院', '油气田开发工程系', '04-2', 22, '2004', NULL, NULL),
	('2004000592', '连水风', 0, '化学工程与环境学院', '化学工程系', '04-2', 21, '2004', NULL, NULL),
	('2005000001', '丰滨海', 1, '外国语学院', 'MTI（翻译专业硕士）教育中心', '05-3', 20, '2005', NULL, NULL),
	('2005000018', '抗年', 1, '外国语学院', '英语系', '05-1', 22, '2005', NULL, NULL),
	('2005000035', '冷星火', 1, '化学工程与环境学院', '环境工程系', '05-1', 20, '2005', NULL, NULL),
	('2005000057', '胡茂勋', 1, '经济管理学院', '企业管理系', '05-3', 24, '2005', NULL, NULL),
	('2005000065', '檀明喆', 1, '地球物理学院', '测井系', '05-3', 16, '2005', NULL, NULL),
	('2005000073', '蔡修远', 1, '安全与海洋工程学院', '安全工程系', '05-3', 18, '2005', NULL, NULL),
	('2005000080', '机宏儒', 1, '机械与储运工程学院', '油气储运工程系', '05-2', 22, '2005', NULL, NULL),
	('2005000120', '塞远航', 1, '地球科学学院', '油气勘探与开发地质系', '05-2', 17, '2005', NULL, NULL),
	('2005000134', '滑心水', 1, '经济管理学院', '会计系', '05-1', 19, '2005', NULL, NULL),
	('2005000190', '蒙锐意', 1, '新能源与材料学院', '新能源科学与工程系', '05-1', 17, '2005', NULL, NULL),
	('2005000194', '扬承恩', 1, '信息科学与工程学院', '软件工程系', '05-1', 22, '2005', NULL, NULL),
	('2005000201', '全兴修', 1, '外国语学院', '亚欧语教学部', '05-3', 22, '2005', NULL, NULL),
	('2005000216', '蔚允', 1, '安全与海洋工程学院', '海洋油气工程系', '05-3', 16, '2005', NULL, NULL),
	('2005000236', '化兴德', 1, '化学工程与环境学院', '化学工艺系', '05-3', 20, '2005', NULL, NULL),
	('2005000254', '苍光辉', 1, '化学工程与环境学院', '环境工程系', '05-1', 20, '2005', NULL, NULL),
	('2005000294', '干发', 1, '经济管理学院', '企业管理系', '05-1', 23, '2005', NULL, NULL),
	('2005000297', '叔丰羽', 1, '外国语学院', '英语系', '05-2', 16, '2005', NULL, NULL),
	('2005000312', '乌又香', 0, '化学工程与环境学院', '化学工艺系', '05-3', 23, '2005', NULL, NULL),
	('2005000321', '森香彤', 0, '经济管理学院', '应用经济系', '05-2', 17, '2005', NULL, NULL),
	('2005000325', '恭山灵', 0, '化学工程与环境学院', '化学工程系', '05-1', 17, '2005', NULL, NULL),
	('2005000346', '义涵菱', 0, '机械与储运工程学院', '过程装备系', '05-1', 24, '2005', NULL, NULL),
	('2005000446', '相飞英', 0, '机械与储运工程学院', '油气储运工程系', '05-1', 22, '2005', NULL, NULL),
	('2005000473', '栗湘', 0, '地球科学学院', '地质学系', '05-1', 23, '2005', NULL, NULL),
	('2005000480', '市青文', 0, '机械与储运工程学院', '热能工程系', '05-2', 23, '2005', NULL, NULL),
	('2005000493', '丰沛蓝', 0, '地球物理学院', '物探系', '05-2', 23, '2005', NULL, NULL),
	('2005000501', '卑卿月', 0, '经济管理学院', '企业管理系', '05-1', 23, '2005', NULL, NULL),
	('2005000509', '柏文丽', 0, '经济管理学院', '管理科学与工程系', '05-3', 21, '2005', NULL, NULL),
	('2005000529', '旷易绿', 0, '信息科学与工程学院', '计算智能教学与研究中心', '05-1', 16, '2005', NULL, NULL),
	('2005000551', '廉晓凡', 0, '化学工程与环境学院', '环境科学系', '05-3', 19, '2005', NULL, NULL),
	('2005000565', '仲香芹', 0, '安全与海洋工程学院', '海洋油气工程系', '05-2', 24, '2005', NULL, NULL),
	('2005000570', '塔祯', 0, '机械与储运工程学院', '机电工程系', '05-2', 20, '2005', NULL, NULL),
	('2005000580', '贯玮', 0, '理学院', '应用化学系', '05-3', 23, '2005', NULL, NULL),
	('2005000583', '琴涵桃', 0, '安全与海洋工程学院', '安全工程系', '05-2', 21, '2005', NULL, NULL),
	('2006000052', '计和宜', 1, '石油工程学院', '工程力学系', '06-2', 16, '2006', NULL, NULL),
	('2006000054', '冒晗昱', 1, '化学工程与环境学院', '化学工程系', '06-1', 18, '2006', NULL, NULL),
	('2006000066', '蔺黎', 1, '化学工程与环境学院', '能源与催化工程系', '06-1', 22, '2006', NULL, NULL),
	('2006000100', '濮阳黎昕', 1, '外国语学院', '英语系', '06-3', 19, '2006', NULL, NULL),
	('2006000117', '融元白', 1, '机械与储运工程学院', '机电工程系', '06-1', 20, '2006', NULL, NULL),
	('2006000127', '郦裕', 1, '地球科学学院', '盆地与油藏研究中心', '06-1', 24, '2006', NULL, NULL),
	('2006000144', '齐瀚文', 1, '经济管理学院', '会计系', '06-1', 20, '2006', NULL, NULL),
	('2006000165', '栗永元', 1, '安全与海洋工程学院', '安全工程系', '06-3', 16, '2006', NULL, NULL),
	('2006000176', '北运发', 1, '机械与储运工程学院', '油气储运工程系', '06-1', 22, '2006', NULL, NULL),
	('2006000179', '东华荣', 1, '地球科学学院', '油气勘探与开发地质系', '06-3', 18, '2006', NULL, NULL),
	('2006000204', '大君豪', 1, '经济管理学院', '会计系', '06-3', 22, '2006', NULL, NULL),
	('2006000218', '闻濮存', 1, '经济管理学院', '会计系', '06-2', 16, '2006', NULL, NULL),
	('2006000222', '太史美', 1, '地球物理学院', '测井系', '06-1', 18, '2006', NULL, NULL),
	('2006000226', '尧雅健', 1, '化学工程与环境学院', '化学工程系', '06-1', 18, '2006', NULL, NULL),
	('2006000276', '户鹏举', 1, '外国语学院', 'MTI（翻译专业硕士）教育中心', '06-1', 17, '2006', NULL, NULL),
	('2006000291', '屈英范', 1, '经济管理学院', '会计系', '06-3', 24, '2006', NULL, NULL),
	('2006000309', '皮一凡', 0, '经济管理学院', '企业管理系', '06-2', 23, '2006', NULL, NULL),
	('2006000332', '敬寄真', 0, '化学工程与环境学院', '环境工程系', '06-1', 17, '2006', NULL, NULL),
	('2006000344', '机怜晴', 0, '经济管理学院', '企业管理系', '06-1', 17, '2006', NULL, NULL),
	('2006000356', '祁槐', 0, '机械与储运工程学院', '过程装备系', '06-3', 20, '2006', NULL, NULL),
	('2006000375', '厍向雪', 0, '机械与储运工程学院', '热能工程系', '06-2', 18, '2006', NULL, NULL),
	('2006000388', '鄂滢滢', 0, '信息科学与工程学院', '教学实验中心', '06-2', 20, '2006', NULL, NULL),
	('2006000389', '乔初南', 0, '安全与海洋工程学院', '安全工程系', '06-3', 18, '2006', NULL, NULL),
	('2006000403', '芒又绿', 0, '经济管理学院', '管理科学与工程系', '06-2', 23, '2006', NULL, NULL),
	('2006000455', '薛凡双', 0, '理学院', '应用化学系', '06-2', 20, '2006', NULL, NULL),
	('2006000456', '陶饮', 0, '外国语学院', '中国国际能源舆情研究中心', '06-2', 17, '2006', NULL, NULL),
	('2006000472', '舒白卉', 0, '地球物理学院', '物探系', '06-1', 21, '2006', NULL, NULL),
	('2006000541', '开春冬', 0, '经济管理学院', '企业管理系', '06-3', 17, '2006', NULL, NULL),
	('2006000547', '殳向雁', 0, '新能源与材料学院', '材料科学与工程系', '06-1', 23, '2006', NULL, NULL),
	('2006000550', '丘冰菱', 0, '外国语学院', '英语系', '06-1', 24, '2006', NULL, NULL),
	('2006000558', '封齐心', 0, '理学院', '物理系', '06-3', 24, '2006', NULL, NULL),
	('2006000588', '夔向山', 0, '安全与海洋工程学院', '安全工程系', '06-1', 20, '2006', NULL, NULL),
	('2006000591', '利容', 0, '外国语学院', 'MTI（翻译专业硕士）教育中心', '06-2', 22, '2006', NULL, NULL),
	('2007000019', '冼启', 1, '信息科学与工程学院', '计算智能教学与研究中心', '07-1', 18, '2007', NULL, NULL),
	('2007000034', '介昌勋', 1, '地球科学学院', '油气勘探与开发地质系', '07-2', 19, '2007', NULL, NULL),
	('2007000093', '斐斯伯', 1, '外国语学院', '英语系', '07-2', 19, '2007', NULL, NULL),
	('2007000114', '代奇希', 1, '信息科学与工程学院', '自动化系', '07-1', 24, '2007', NULL, NULL),
	('2007000119', '商辰皓', 1, '信息科学与工程学院', '软件工程系', '07-2', 23, '2007', NULL, NULL),
	('2007000150', '肥振海', 1, '石油工程学院', '油气田开发工程系', '07-1', 23, '2007', NULL, NULL),
	('2007000163', '杭勇男', 1, '化学工程与环境学院', '能源与催化工程系', '07-1', 18, '2007', NULL, NULL),
	('2007000171', '纳喇希', 1, '化学工程与环境学院', '化学工程系', '07-3', 22, '2007', NULL, NULL),
	('2007000237', '邬颂', 1, '安全与海洋工程学院', '海洋油气工程系', '07-2', 21, '2007', NULL, NULL),
	('2007000268', '仉木', 1, '外国语学院', '研究生英语教学部', '07-3', 20, '2007', NULL, NULL),
	('2007000271', '况焱', 1, '信息科学与工程学院', '教学实验中心', '07-1', 23, '2007', NULL, NULL),
	('2007000275', '阙嘉悦', 1, '信息科学与工程学院', '计算机科学与技术系', '07-3', 19, '2007', NULL, NULL),
	('2007000304', '茅良', 0, '信息科学与工程学院', '教学实验中心', '07-1', 16, '2007', NULL, NULL),
	('2007000308', '在雪艳', 0, '安全与海洋工程学院', '安全工程系', '07-1', 16, '2007', NULL, NULL),
	('2007000318', '北青', 0, '化学工程与环境学院', '化学工艺系', '07-2', 16, '2007', NULL, NULL),
	('2007000338', '司马静安', 0, '新能源与材料学院', '新能源科学与工程系', '07-1', 23, '2007', NULL, NULL),
	('2007000368', '宰父丹彤', 0, '信息科学与工程学院', '软件工程系', '07-2', 17, '2007', NULL, NULL),
	('2007000393', '首向薇', 0, '信息科学与工程学院', '软件工程系', '07-2', 19, '2007', NULL, NULL),
	('2007000394', '谭冰莹', 0, '理学院', '物理系', '07-1', 18, '2007', NULL, NULL),
	('2007000477', '亓官惜文', 0, '经济管理学院', '金融系', '07-3', 23, '2007', NULL, NULL),
	('2007000481', '宇文凌丝', 0, '信息科学与工程学院', '计算机科学与技术系', '07-1', 22, '2007', NULL, NULL),
	('2007000496', '羊舌子舒', 0, '信息科学与工程学院', '教学实验中心', '07-3', 23, '2007', NULL, NULL),
	('2007000553', '茹春柔', 0, '机械与储运工程学院', '油气储运工程系', '07-1', 16, '2007', NULL, NULL),
	('2007000568', '肥凡灵', 0, '化学工程与环境学院', '环境科学系', '07-2', 20, '2007', NULL, NULL),
	('2008000028', '石华茂', 1, '理学院', '应用化学系', '08-1', 17, '2008', NULL, NULL),
	('2008000129', '赏承悦', 1, '外国语学院', '大学英语教学部', '08-2', 18, '2008', NULL, NULL),
	('2008000147', '旗建白', 1, '外国语学院', '研究生英语教学部', '08-2', 20, '2008', NULL, NULL),
	('2008000156', '迮懋', 1, '地球物理学院', '物探系', '08-1', 18, '2008', NULL, NULL),
	('2008000172', '悟荣轩', 1, '化学工程与环境学院', '环境科学系', '08-3', 21, '2008', NULL, NULL),
	('2008000202', '沈虹', 1, '外国语学院', '英语系', '08-3', 17, '2008', NULL, NULL),
	('2008000217', '言震博', 1, '机械与储运工程学院', '油气储运工程系', '08-1', 17, '2008', NULL, NULL),
	('2008000262', '贡欣悦', 1, '信息科学与工程学院', '计算智能教学与研究中心', '08-3', 17, '2008', NULL, NULL),
	('2008000272', '枝芬', 1, '理学院', '数学系', '08-3', 24, '2008', NULL, NULL),
	('2008000339', '时青柏', 0, '石油工程学院', '油气田开发工程系', '08-1', 19, '2008', NULL, NULL),
	('2008000341', '范姜宛菡', 0, '经济管理学院', '管理科学与工程系', '08-1', 16, '2008', NULL, NULL),
	('2008000362', '乐天心', 0, '外国语学院', '中国国际能源舆情研究中心', '08-1', 22, '2008', NULL, NULL),
	('2008000382', '续冬卉', 0, '外国语学院', '英语系', '08-3', 21, '2008', NULL, NULL),
	('2008000395', '项沈思', 0, '机械与储运工程学院', '油气储运工程系', '08-1', 22, '2008', NULL, NULL),
	('2008000399', '库白秋', 0, '石油工程学院', '工程力学系', '08-3', 24, '2008', NULL, NULL),
	('2008000407', '盍木', 0, '地球物理学院', '物探系', '08-2', 17, '2008', NULL, NULL),
	('2008000443', '益曼岚', 0, '信息科学与工程学院', '电子信息工程系', '08-1', 24, '2008', NULL, NULL),
	('2008000459', '杨欣荣', 0, '理学院', '物理系', '08-3', 16, '2008', NULL, NULL),
	('2008000559', '实傲霜', 0, '机械与储运工程学院', '油气储运工程系', '08-2', 24, '2008', NULL, NULL),
	('2008000564', '惠天巧', 0, '经济管理学院', '金融系', '08-3', 16, '2008', NULL, NULL),
	('2008000589', '元梦旋', 0, '石油工程学院', '油气田开发工程系', '08-2', 20, '2008', NULL, NULL),
	('2008000598', '查晓兰', 0, '信息科学与工程学院', '计算智能教学与研究中心', '08-3', 21, '2008', NULL, NULL),
	('2008000599', '磨丽佳', 0, '经济管理学院', '应用经济系', '08-3', 23, '2008', NULL, NULL),
	('2009000006', '臧奇思', 1, '信息科学与工程学院', '电子信息工程系', '09-2', 18, '2009', NULL, NULL),
	('2009000012', '苑国', 1, '理学院', '数学系', '09-3', 23, '2009', NULL, NULL),
	('2009000017', '赖奇迈', 1, '化学工程与环境学院', '环境工程系', '09-3', 17, '2009', NULL, NULL),
	('2009000030', '达修杰', 1, '外国语学院', '英语系', '09-2', 19, '2009', NULL, NULL),
	('2009000040', '韦力强', 1, '外国语学院', '大学英语教学部', '09-1', 23, '2009', NULL, NULL),
	('2009000050', '苗正', 1, '地球物理学院', '物探系', '09-3', 16, '2009', NULL, NULL),
	('2009000074', '柳轩昂', 1, '地球科学学院', '盆地与油藏研究中心', '09-1', 19, '2009', NULL, NULL),
	('2009000081', '西门俊拔', 1, '机械与储运工程学院', '热能工程系', '09-3', 20, '2009', NULL, NULL),
	('2009000137', '呼钰', 1, '理学院', '物理系', '09-3', 17, '2009', NULL, NULL),
	('2009000145', '米意远', 1, '地球科学学院', '地质学系', '09-3', 16, '2009', NULL, NULL),
	('2009000152', '荤天路', 1, '外国语学院', '英语系', '09-2', 20, '2009', NULL, NULL),
	('2009000174', '第五高明', 1, '化学工程与环境学院', '环境科学系', '09-2', 17, '2009', NULL, NULL),
	('2009000198', '伦德华', 1, '经济管理学院', '管理科学与工程系', '09-3', 21, '2009', NULL, NULL),
	('2009000255', '茅昊然', 1, '经济管理学院', '应用经济系', '09-1', 21, '2009', NULL, NULL),
	('2009000269', '霍茂才', 1, '外国语学院', 'MTI（翻译专业硕士）教育中心', '09-2', 23, '2009', NULL, NULL),
	('2009000282', '柏嘉泽', 1, '化学工程与环境学院', '化学工艺系', '09-3', 17, '2009', NULL, NULL),
	('2009000305', '苑芷容', 0, '信息科学与工程学院', '教学实验中心', '09-3', 24, '2009', NULL, NULL),
	('2009000320', '邰冷霜', 0, '信息科学与工程学院', '计算机科学与技术系', '09-2', 18, '2009', NULL, NULL),
	('2009000348', '贵菱', 0, '经济管理学院', '企业管理系', '09-2', 21, '2009', NULL, NULL),
	('2009000360', '业绿凝', 0, '新能源与材料学院', '新能源科学与工程系', '09-1', 18, '2009', NULL, NULL),
	('2009000398', '长春柏', 0, '地球物理学院', '测井系', '09-1', 17, '2009', NULL, NULL),
	('2009000411', '子车雪曼', 0, '新能源与材料学院', '新能源科学与工程系', '09-2', 18, '2009', NULL, NULL),
	('2009000433', '张廖问寒', 0, '石油工程学院', '油气田开发工程系', '09-2', 22, '2009', NULL, NULL),
	('2009000448', '林娟娟', 0, '化学工程与环境学院', '化学工艺系', '09-1', 16, '2009', NULL, NULL),
	('2009000450', '绪初露', 0, '理学院', '物理系', '09-1', 22, '2009', NULL, NULL),
	('2009000467', '蔡凡霜', 0, '化学工程与环境学院', '化学工程系', '09-3', 24, '2009', NULL, NULL),
	('2009000494', '路飞珍', 0, '石油工程学院', '工程力学系', '09-2', 19, '2009', NULL, NULL),
	('2009000533', '隽惜雪', 0, '地球科学学院', '油气勘探与开发地质系', '09-2', 22, '2009', NULL, NULL),
	('2009000560', '甄湛霞', 0, '安全与海洋工程学院', '安全工程系', '09-2', 19, '2009', NULL, NULL),
	('2009000571', '翠昕靓', 0, '外国语学院', '大学英语教学部', '09-2', 17, '2009', NULL, NULL),
	('2009000574', '肖代芹', 0, '理学院', '数学系', '09-2', 17, '2009', NULL, NULL),
	('2010000037', '慕颜', 1, '信息科学与工程学院', '教学实验中心', '10-2', 24, '2010', NULL, NULL),
	('2010000045', '妫鸿文', 1, '信息科学与工程学院', '教学实验中心', '10-3', 16, '2010', NULL, NULL),
	('2010000079', '许运恒', 1, '外国语学院', '亚欧语教学部', '10-3', 22, '2010', NULL, NULL),
	('2010000107', '迟康泰', 1, '经济管理学院', '管理科学与工程系', '10-3', 24, '2010', NULL, NULL),
	('2010000113', '南宫星晖', 1, '外国语学院', '英语系', '10-3', 19, '2010', NULL, NULL),
	('2010000124', '宇茂材', 1, '理学院', '物理系', '10-3', 17, '2010', NULL, NULL),
	('2010000128', '终俊誉', 1, '地球物理学院', '测井系', '10-1', 16, '2010', NULL, NULL),
	('2010000181', '苦涵忍', 1, '石油工程学院', '油气田开发工程系', '10-1', 19, '2010', NULL, NULL),
	('2010000187', '励晋鹏', 1, '地球科学学院', '地质学系', '10-1', 22, '2010', NULL, NULL),
	('2010000188', '舒健柏', 1, '理学院', '物理系', '10-3', 21, '2010', NULL, NULL),
	('2010000213', '邓用', 1, '信息科学与工程学院', '自动化系', '10-2', 21, '2010', NULL, NULL),
	('2010000230', '施学民', 1, '地球科学学院', '油气勘探与开发地质系', '10-1', 17, '2010', NULL, NULL),
	('2010000296', '汝旭彬', 1, '信息科学与工程学院', '计算智能教学与研究中心', '10-1', 17, '2010', NULL, NULL),
	('2010000302', '浦璇子', 0, '理学院', '应用化学系', '10-2', 24, '2010', NULL, NULL),
	('2010000323', '富察松月', 0, '新能源与材料学院', '新能源科学与工程系', '10-2', 24, '2010', NULL, NULL),
	('2010000347', '驹明', 0, '化学工程与环境学院', '化学工艺系', '10-3', 20, '2010', NULL, NULL),
	('2010000351', '家之云', 0, '安全与海洋工程学院', '安全工程系', '10-1', 20, '2010', NULL, NULL),
	('2010000355', '武曼梅', 0, '机械与储运工程学院', '机电工程系', '10-1', 20, '2010', NULL, NULL),
	('2010000413', '柔碧琴', 0, '安全与海洋工程学院', '海洋油气工程系', '10-2', 23, '2010', NULL, NULL),
	('2010000497', '唐慕蕊', 0, '经济管理学院', '企业管理系', '10-3', 20, '2010', NULL, NULL),
	('2010000499', '周绮南', 0, '信息科学与工程学院', '软件工程系', '10-2', 21, '2010', NULL, NULL),
	('2010000505', '凭西', 0, '外国语学院', '研究生英语教学部', '10-1', 17, '2010', NULL, NULL),
	('2010000525', '英珠星', 0, '外国语学院', '大学英语教学部', '10-1', 20, '2010', NULL, NULL),
	('2010000536', '势春冬', 0, '新能源与材料学院', '新能源科学与工程系', '10-2', 22, '2010', NULL, NULL),
	('2010000540', '危静珊', 0, '地球科学学院', '盆地与油藏研究中心', '10-2', 23, '2010', NULL, NULL),
	('2010000543', '载晓畅', 0, '经济管理学院', '金融系', '10-2', 20, '2010', NULL, NULL),
	('2010000586', '山清馨', 0, '外国语学院', '英语系', '10-3', 17, '2010', NULL, NULL),
	('2011000014', '字伟诚', 1, '地球科学学院', '油气勘探与开发地质系', '11-2', 24, '2011', NULL, NULL),
	('2011000036', '芒烨烁', 1, '地球科学学院', '油气勘探与开发地质系', '11-2', 21, '2011', NULL, NULL),
	('2011000041', '师军', 1, '石油工程学院', '工程力学系', '11-2', 20, '2011', NULL, NULL),
	('2011000042', '勇兴为', 1, '外国语学院', '中国国际能源舆情研究中心', '11-1', 18, '2011', NULL, NULL),
	('2011000049', '秘睿才', 1, '地球物理学院', '物探系', '11-1', 21, '2011', NULL, NULL),
	('2011000082', '营昆颉', 1, '机械与储运工程学院', '油气储运工程系', '11-3', 18, '2011', NULL, NULL),
	('2011000084', '微生季', 1, '机械与储运工程学院', '过程装备系', '11-3', 21, '2011', NULL, NULL),
	('2011000085', '驹初', 1, '化学工程与环境学院', '环境工程系', '11-2', 22, '2011', NULL, NULL),
	('2011000115', '犁志尚', 1, '地球物理学院', '测井系', '11-1', 19, '2011', NULL, NULL),
	('2011000125', '似州', 1, '外国语学院', '亚欧语教学部', '11-1', 24, '2011', NULL, NULL),
	('2011000149', '受自珍', 1, '新能源与材料学院', '新能源科学与工程系', '11-2', 18, '2011', NULL, NULL),
	('2011000189', '空心远', 1, '新能源与材料学院', '新能源科学与工程系', '11-2', 18, '2011', NULL, NULL),
	('2011000207', '公冶德庸', 1, '信息科学与工程学院', '软件工程系', '11-2', 16, '2011', NULL, NULL),
	('2011000210', '戴冠', 1, '机械与储运工程学院', '油气储运工程系', '11-2', 19, '2011', NULL, NULL),
	('2011000214', '巫温韦', 1, '外国语学院', 'MTI（翻译专业硕士）教育中心', '11-1', 16, '2011', NULL, NULL),
	('2011000220', '波盛', 1, '地球科学学院', '油气勘探与开发地质系', '11-3', 16, '2011', NULL, NULL),
	('2011000265', '夹谷安怡', 1, '信息科学与工程学院', '计算智能教学与研究中心', '11-1', 24, '2011', NULL, NULL),
	('2011000324', '仰幻竹', 0, '机械与储运工程学院', '机电工程系', '11-2', 19, '2011', NULL, NULL),
	('2011000337', '迮思松', 0, '外国语学院', 'MTI（翻译专业硕士）教育中心', '11-1', 22, '2011', NULL, NULL),
	('2011000390', '称文惠', 0, '经济管理学院', '会计系', '11-3', 17, '2011', NULL, NULL),
	('2011000419', '琦竹萱', 0, '经济管理学院', '企业管理系', '11-2', 19, '2011', NULL, NULL),
	('2011000420', '程彦珺', 0, '信息科学与工程学院', '计算智能教学与研究中心', '11-1', 22, '2011', NULL, NULL),
	('2011000439', '曲觅夏', 0, '经济管理学院', '管理科学与工程系', '11-3', 21, '2011', NULL, NULL),
	('2011000458', '伏半蕾', 0, '信息科学与工程学院', '计算智能教学与研究中心', '11-3', 24, '2011', NULL, NULL),
	('2011000466', '邢骊霞', 0, '外国语学院', '大学英语教学部', '11-1', 23, '2011', NULL, NULL),
	('2011000475', '昌萌', 0, '化学工程与环境学院', '化学工程系', '11-3', 17, '2011', NULL, NULL),
	('2011000512', '爱野', 0, '经济管理学院', '金融系', '11-3', 22, '2011', NULL, NULL),
	('2011000515', '傅雅容', 0, '经济管理学院', '应用经济系', '11-2', 24, '2011', NULL, NULL),
	('2011000522', '抄姝美', 0, '外国语学院', '大学英语教学部', '11-3', 22, '2011', NULL, NULL),
	('2011000566', '真沈', 0, '理学院', '应用化学系', '11-2', 16, '2011', NULL, NULL),
	('2011000584', '牟湛芳', 0, '外国语学院', '英语系', '11-2', 22, '2011', NULL, NULL),
	('2012000013', '俎炳君', 1, '外国语学院', 'MTI（翻译专业硕士）教育中心', '12-2', 23, '2012', NULL, NULL),
	('2012000048', '燕玉书', 1, '新能源与材料学院', '材料科学与工程系', '12-2', 21, '2012', NULL, NULL),
	('2012000072', '闪康平', 1, '地球物理学院', '物探系', '12-3', 20, '2012', NULL, NULL),
	('2012000102', '过康适', 1, '安全与海洋工程学院', '安全工程系', '12-1', 21, '2012', NULL, NULL),
	('2012000111', '母勇锐', 1, '化学工程与环境学院', '环境工程系', '12-3', 24, '2012', NULL, NULL),
	('2012000183', '续荡', 1, '外国语学院', 'MTI（翻译专业硕士）教育中心', '12-1', 22, '2012', NULL, NULL),
	('2012000221', '荀弘光', 1, '地球科学学院', '地质学系', '12-3', 24, '2012', NULL, NULL),
	('2012000227', '单寅骏', 1, '安全与海洋工程学院', '安全工程系', '12-1', 19, '2012', NULL, NULL),
	('2012000278', '折汉', 1, '信息科学与工程学院', '计算智能教学与研究中心', '12-1', 16, '2012', NULL, NULL),
	('2012000285', '索绍晖', 1, '石油工程学院', '油气田开发工程系', '12-2', 16, '2012', NULL, NULL),
	('2012000300', '飞乐蓉', 0, '理学院', '数学系', '12-2', 17, '2012', NULL, NULL),
	('2012000354', '劳运馨', 0, '机械与储运工程学院', '机电工程系', '12-3', 22, '2012', NULL, NULL),
	('2012000410', '甲觅双', 0, '信息科学与工程学院', '自动化系', '12-1', 22, '2012', NULL, NULL),
	('2012000426', '费莫智美', 0, '经济管理学院', '管理科学与工程系', '12-1', 24, '2012', NULL, NULL),
	('2012000427', '朋雅韵', 0, '外国语学院', '亚欧语教学部', '12-3', 19, '2012', NULL, NULL),
	('2012000465', '道谧', 0, '外国语学院', '英语系', '12-1', 21, '2012', NULL, NULL),
	('2012000474', '杞恨风', 0, '外国语学院', '亚欧语教学部', '12-1', 16, '2012', NULL, NULL),
	('2012000479', '乌孙莘', 0, '化学工程与环境学院', '化学工程系', '12-3', 23, '2012', NULL, NULL),
	('2012000573', '巢姝好', 0, '经济管理学院', '应用经济系', '12-1', 23, '2012', NULL, NULL),
	('2012000594', '贲凌蝶', 0, '新能源与材料学院', '新能源科学与工程系', '12-1', 22, '2012', NULL, NULL),
	('2013000005', '卓柏', 1, '理学院', '应用化学系', '13-2', 23, '2013', NULL, NULL),
	('2013000043', '前昕', 1, '石油工程学院', '工程力学系', '13-3', 17, '2013', NULL, NULL),
	('2013000051', '班智明', 1, '机械与储运工程学院', '热能工程系', '13-3', 17, '2013', NULL, NULL),
	('2013000053', '衣弘业', 1, '石油工程学院', '油气井工程系', '13-1', 23, '2013', NULL, NULL),
	('2013000064', '高成业', 1, '安全与海洋工程学院', '海洋油气工程系', '13-2', 19, '2013', NULL, NULL),
	('2013000097', '嬴学名', 1, '信息科学与工程学院', '计算智能教学与研究中心', '13-3', 16, '2013', NULL, NULL),
	('2013000158', '窦捷', 1, '化学工程与环境学院', '能源与催化工程系', '13-2', 21, '2013', NULL, NULL),
	('2013000164', '莱瀚玥', 1, '经济管理学院', '应用经济系', '13-1', 24, '2013', NULL, NULL),
	('2013000193', '锺离志勇', 1, '化学工程与环境学院', '化学工艺系', '13-1', 23, '2013', NULL, NULL),
	('2013000196', '贝范', 1, '外国语学院', '中国国际能源舆情研究中心', '13-3', 16, '2013', NULL, NULL),
	('2013000205', '谷梁经纬', 1, '化学工程与环境学院', '环境工程系', '13-3', 20, '2013', NULL, NULL),
	('2013000215', '赛星海', 1, '地球科学学院', '盆地与油藏研究中心', '13-1', 22, '2013', NULL, NULL),
	('2013000249', '零华灿', 1, '地球科学学院', '盆地与油藏研究中心', '13-1', 16, '2013', NULL, NULL),
	('2013000306', '竺山雁', 0, '外国语学院', '中国国际能源舆情研究中心', '13-2', 23, '2013', NULL, NULL),
	('2013000334', '书碧莹', 0, '外国语学院', '亚欧语教学部', '13-3', 23, '2013', NULL, NULL),
	('2013000336', '万俟玲珑', 0, '机械与储运工程学院', '过程装备系', '13-1', 23, '2013', NULL, NULL),
	('2013000363', '茆和玉', 0, '理学院', '应用化学系', '13-2', 18, '2013', NULL, NULL),
	('2013000366', '嵇米雪', 0, '机械与储运工程学院', '过程装备系', '13-2', 21, '2013', NULL, NULL),
	('2013000396', '崇千山', 0, '信息科学与工程学院', '自动化系', '13-3', 17, '2013', NULL, NULL),
	('2013000401', '徐静竹', 0, '信息科学与工程学院', '自动化系', '13-1', 21, '2013', NULL, NULL),
	('2013000464', '薄妙之', 0, '安全与海洋工程学院', '安全工程系', '13-2', 19, '2013', NULL, NULL),
	('2013000527', '卜南风', 0, '外国语学院', '大学英语教学部', '13-3', 18, '2013', NULL, NULL),
	('2013000549', '勤佩', 0, '信息科学与工程学院', '电子信息工程系', '13-1', 20, '2013', NULL, NULL),
	('2014000004', '茹和蔼', 1, '化学工程与环境学院', '环境科学系', '14-3', 16, '2014', NULL, NULL),
	('2014000024', '谬欣', 1, '机械与储运工程学院', '机电工程系', '14-2', 19, '2014', NULL, NULL),
	('2014000039', '书壤', 1, '机械与储运工程学院', '油气储运工程系', '14-2', 18, '2014', NULL, NULL),
	('2014000056', '郜亮', 1, '地球科学学院', '地质学系', '14-1', 16, '2014', NULL, NULL),
	('2014000061', '佟康', 1, '地球科学学院', '地质学系', '14-3', 21, '2014', NULL, NULL),
	('2014000091', '衅安顺', 1, '外国语学院', '研究生英语教学部', '14-3', 22, '2014', NULL, NULL),
	('2014000092', '刁永新', 1, '地球物理学院', '测井系', '14-1', 17, '2014', NULL, NULL),
	('2014000101', '逯悟', 1, '外国语学院', '大学英语教学部', '14-3', 22, '2014', NULL, NULL),
	('2014000139', '夏承', 1, '经济管理学院', '管理科学与工程系', '14-2', 21, '2014', NULL, NULL),
	('2014000169', '竭新翰', 1, '理学院', '应用化学系', '14-1', 17, '2014', NULL, NULL),
	('2014000195', '封子实', 1, '理学院', '应用化学系', '14-2', 20, '2014', NULL, NULL),
	('2014000234', '邛建华', 1, '信息科学与工程学院', '软件工程系', '14-3', 23, '2014', NULL, NULL),
	('2014000235', '郎怿', 1, '信息科学与工程学院', '电子信息工程系', '14-3', 24, '2014', NULL, NULL),
	('2014000259', '汤羽', 1, '地球科学学院', '地质学系', '14-2', 24, '2014', NULL, NULL),
	('2014000315', '夕青易', 0, '安全与海洋工程学院', '海洋油气工程系', '14-1', 23, '2014', NULL, NULL),
	('2014000331', '虎盼夏', 0, '机械与储运工程学院', '热能工程系', '14-1', 21, '2014', NULL, NULL),
	('2014000333', '怀安吉', 0, '化学工程与环境学院', '能源与催化工程系', '14-3', 24, '2014', NULL, NULL),
	('2014000364', '慕慈', 0, '理学院', '物理系', '14-2', 16, '2014', NULL, NULL),
	('2014000365', '叔笑萍', 0, '化学工程与环境学院', '化学工艺系', '14-3', 24, '2014', NULL, NULL),
	('2014000378', '田梓瑶', 0, '外国语学院', '研究生英语教学部', '14-3', 22, '2014', NULL, NULL),
	('2014000380', '郯怀思', 0, '信息科学与工程学院', '软件工程系', '14-3', 19, '2014', NULL, NULL),
	('2014000402', '镜浩丽', 0, '地球物理学院', '测井系', '14-1', 19, '2014', NULL, NULL),
	('2014000416', '宇韫素', 0, '理学院', '物理系', '14-3', 17, '2014', NULL, NULL),
	('2014000432', '衡芬菲', 0, '石油工程学院', '油气井工程系', '14-3', 16, '2014', NULL, NULL),
	('2014000436', '迟秀丽', 0, '外国语学院', '中国国际能源舆情研究中心', '14-3', 21, '2014', NULL, NULL),
	('2014000454', '栋子薇', 0, '经济管理学院', '会计系', '14-3', 21, '2014', NULL, NULL),
	('2014000469', '闻人靖', 0, '外国语学院', '中国国际能源舆情研究中心', '14-2', 20, '2014', NULL, NULL),
	('2014000476', '钟多思', 0, '理学院', '数学系', '14-3', 19, '2014', NULL, NULL),
	('2014000491', '堵沛凝', 0, '机械与储运工程学院', '过程装备系', '14-1', 18, '2014', NULL, NULL),
	('2014000503', '玄笑', 0, '信息科学与工程学院', '软件工程系', '14-1', 23, '2014', NULL, NULL),
	('2014000516', '亓雪冰', 0, '化学工程与环境学院', '能源与催化工程系', '14-3', 23, '2014', NULL, NULL),
	('2014000534', '黄梅英', 0, '石油工程学院', '油气田开发工程系', '14-3', 22, '2014', NULL, NULL),
	('2014000561', '禄新之', 0, '化学工程与环境学院', '环境工程系', '14-3', 24, '2014', NULL, NULL),
	('2014000577', '介颐和', 0, '机械与储运工程学院', '油气储运工程系', '14-2', 18, '2014', NULL, NULL),
	('2015000021', '归扬', 1, '化学工程与环境学院', '环境科学系', '15-3', 22, '2015', NULL, NULL),
	('2015000059', '龙青', 1, '化学工程与环境学院', '环境科学系', '15-2', 20, '2015', NULL, NULL),
	('2015000063', '缪星宇', 1, '外国语学院', '研究生英语教学部', '15-3', 16, '2015', NULL, NULL),
	('2015000075', '休爵', 1, '地球科学学院', '盆地与油藏研究中心', '15-3', 21, '2015', NULL, NULL),
	('2015000077', '从俊郎', 1, '化学工程与环境学院', '化学工艺系', '15-2', 18, '2015', NULL, NULL),
	('2015000099', '柴才哲', 1, '经济管理学院', '会计系', '15-1', 22, '2015', NULL, NULL),
	('2015000126', '漆雕浩壤', 1, '安全与海洋工程学院', '海洋油气工程系', '15-3', 19, '2015', NULL, NULL),
	('2015000131', '硕伟毅', 1, '化学工程与环境学院', '化学工艺系', '15-3', 16, '2015', NULL, NULL),
	('2015000141', '宗翰音', 1, '化学工程与环境学院', '能源与催化工程系', '15-2', 24, '2015', NULL, NULL),
	('2015000153', '运峻', 1, '经济管理学院', '应用经济系', '15-1', 23, '2015', NULL, NULL),
	('2015000154', '明阳羽', 1, '经济管理学院', '管理科学与工程系', '15-3', 22, '2015', NULL, NULL),
	('2015000160', '尉元德', 1, '化学工程与环境学院', '化学工程系', '15-3', 18, '2015', NULL, NULL),
	('2015000182', '崔阳夏', 1, '地球科学学院', '油气勘探与开发地质系', '15-3', 20, '2015', NULL, NULL),
	('2015000200', '问英毅', 1, '外国语学院', '英语系', '15-3', 22, '2015', NULL, NULL),
	('2015000212', '卢健', 1, '化学工程与环境学院', '能源与催化工程系', '15-1', 20, '2015', NULL, NULL),
	('2015000225', '潜运鹏', 1, '机械与储运工程学院', '热能工程系', '15-3', 17, '2015', NULL, NULL),
	('2015000243', '巨浩广', 1, '化学工程与环境学院', '环境科学系', '15-2', 18, '2015', NULL, NULL),
	('2015000246', '牧令飒', 1, '石油工程学院', '油气井工程系', '15-1', 19, '2015', NULL, NULL),
	('2015000263', '辉睿广', 1, '机械与储运工程学院', '油气储运工程系', '15-3', 19, '2015', NULL, NULL),
	('2015000299', '乾霞赩', 0, '经济管理学院', '应用经济系', '15-3', 24, '2015', NULL, NULL),
	('2015000329', '图门凌波', 0, '经济管理学院', '会计系', '15-3', 16, '2015', NULL, NULL),
	('2015000424', '令宛亦', 0, '外国语学院', '亚欧语教学部', '15-2', 21, '2015', NULL, NULL),
	('2015000440', '牧弘', 0, '安全与海洋工程学院', '安全工程系', '15-1', 23, '2015', NULL, NULL),
	('2015000449', '赏芷蝶', 0, '机械与储运工程学院', '过程装备系', '15-3', 22, '2015', NULL, NULL),
	('2015000483', '肇锦文', 0, '石油工程学院', '油气田开发工程系', '15-1', 22, '2015', NULL, NULL),
	('2015000486', '校子珍', 0, '信息科学与工程学院', '计算智能教学与研究中心', '15-1', 23, '2015', NULL, NULL),
	('2015000528', '苏傲白', 0, '地球物理学院', '物探系', '15-3', 18, '2015', NULL, NULL),
	('2015000557', '杜代巧', 0, '外国语学院', '中国国际能源舆情研究中心', '15-2', 23, '2015', NULL, NULL),
	('2016000023', '相自明', 1, '经济管理学院', '管理科学与工程系', '16-2', 20, '2016', NULL, NULL),
	('2016000033', '厍开霁', 1, '化学工程与环境学院', '能源与催化工程系', '16-2', 24, '2016', NULL, NULL),
	('2016000067', '钱俊语', 1, '经济管理学院', '管理科学与工程系', '16-1', 22, '2016', NULL, NULL),
	('2016000078', '糜德业', 1, '信息科学与工程学院', '计算智能教学与研究中心', '16-3', 21, '2016', NULL, NULL),
	('2016000088', '莫天逸', 1, '新能源与材料学院', '新能源科学与工程系', '16-1', 20, '2016', NULL, NULL),
	('2016000090', '象轩', 1, '外国语学院', '研究生英语教学部', '16-2', 23, '2016', NULL, NULL),
	('2016000103', '夙楠', 1, '石油工程学院', '工程力学系', '16-1', 18, '2016', NULL, NULL),
	('2016000116', '却鹏海', 1, '外国语学院', '中国国际能源舆情研究中心', '16-2', 19, '2016', NULL, NULL),
	('2016000122', '僧德运', 1, '信息科学与工程学院', '计算机科学与技术系', '16-2', 23, '2016', NULL, NULL),
	('2016000184', '少旭炎', 1, '机械与储运工程学院', '机电工程系', '16-2', 21, '2016', NULL, NULL),
	('2016000197', '别浩淼', 1, '机械与储运工程学院', '热能工程系', '16-2', 18, '2016', NULL, NULL),
	('2016000229', '曹晓', 1, '地球科学学院', '地质学系', '16-1', 21, '2016', NULL, NULL),
	('2016000267', '松茂德', 1, '经济管理学院', '金融系', '16-1', 17, '2016', NULL, NULL),
	('2016000279', '刘鸿熙', 1, '新能源与材料学院', '材料科学与工程系', '16-3', 21, '2016', NULL, NULL),
	('2016000310', '鲜元冬', 0, '化学工程与环境学院', '化学工程系', '16-1', 18, '2016', NULL, NULL),
	('2016000322', '示惜玉', 0, '经济管理学院', '应用经济系', '16-2', 17, '2016', NULL, NULL),
	('2016000326', '昔飞雪', 0, '经济管理学院', '企业管理系', '16-2', 20, '2016', NULL, NULL),
	('2016000343', '焦寄容', 0, '经济管理学院', '金融系', '16-3', 18, '2016', NULL, NULL),
	('2016000381', '公冶凝竹', 0, '安全与海洋工程学院', '安全工程系', '16-3', 18, '2016', NULL, NULL),
	('2016000386', '洋忆文', 0, '信息科学与工程学院', '电子信息工程系', '16-1', 17, '2016', NULL, NULL),
	('2016000414', '终代梅', 0, '化学工程与环境学院', '环境科学系', '16-2', 17, '2016', NULL, NULL),
	('2016000453', '单凡霜', 0, '化学工程与环境学院', '环境科学系', '16-2', 17, '2016', NULL, NULL),
	('2016000457', '漆雕斯', 0, '理学院', '物理系', '16-1', 20, '2016', NULL, NULL),
	('2016000478', '韦寄松', 0, '地球科学学院', '盆地与油藏研究中心', '16-3', 18, '2016', NULL, NULL),
	('2016000532', '公俊', 0, '机械与储运工程学院', '机电工程系', '16-3', 23, '2016', NULL, NULL),
	('2016000587', '贡阳兰', 0, '安全与海洋工程学院', '海洋油气工程系', '16-2', 24, '2016', NULL, NULL),
	('2017000000', '合星鹏', 1, '信息科学与工程学院', '电子信息工程系', '17-2', 18, '2017', NULL, NULL),
	('2017000009', '考智鑫', 1, '化学工程与环境学院', '化学工程系', '17-3', 20, '2017', NULL, NULL),
	('2017000026', '堵容', 1, '信息科学与工程学院', '教学实验中心', '17-2', 21, '2017', NULL, NULL),
	('2017000083', '衡山', 1, '理学院', '物理系', '17-3', 17, '2017', NULL, NULL),
	('2017000112', '凤伟才', 1, '安全与海洋工程学院', '安全工程系', '17-2', 24, '2017', NULL, NULL),
	('2017000157', '剑鸿骞', 1, '安全与海洋工程学院', '安全工程系', '17-1', 17, '2017', NULL, NULL),
	('2017000192', '孟鸿熙', 1, '信息科学与工程学院', '电子信息工程系', '17-1', 19, '2017', NULL, NULL),
	('2017000223', '吉鸿宝', 1, '地球物理学院', '测井系', '17-3', 17, '2017', NULL, NULL),
	('2017000233', '艾歆', 1, '外国语学院', 'MTI（翻译专业硕士）教育中心', '17-3', 24, '2017', NULL, NULL),
	('2017000245', '植甫', 1, '理学院', '数学系', '17-3', 16, '2017', NULL, NULL),
	('2017000252', '丁元甲', 1, '信息科学与工程学院', '计算机科学与技术系', '17-1', 20, '2017', NULL, NULL),
	('2017000266', '布萌', 1, '信息科学与工程学院', '电子信息工程系', '17-2', 19, '2017', NULL, NULL),
	('2017000289', '甫康裕', 1, '新能源与材料学院', '材料科学与工程系', '17-1', 16, '2017', NULL, NULL),
	('2017000301', '阴清晖', 0, '外国语学院', '中国国际能源舆情研究中心', '17-3', 17, '2017', NULL, NULL),
	('2017000340', '泣灵枫', 0, '机械与储运工程学院', '过程装备系', '17-1', 17, '2017', NULL, NULL),
	('2017000369', '滑夏月', 0, '理学院', '物理系', '17-1', 22, '2017', NULL, NULL),
	('2017000370', '笪小萍', 0, '经济管理学院', '应用经济系', '17-1', 17, '2017', NULL, NULL),
	('2017000372', '魏小萍', 0, '信息科学与工程学院', '计算智能教学与研究中心', '17-3', 19, '2017', NULL, NULL),
	('2017000374', '臧岚霏', 0, '地球物理学院', '物探系', '17-1', 20, '2017', NULL, NULL),
	('2017000397', '沃灵松', 0, '石油工程学院', '油气井工程系', '17-2', 16, '2017', NULL, NULL),
	('2017000415', '逮山彤', 0, '经济管理学院', '会计系', '17-2', 19, '2017', NULL, NULL),
	('2017000429', '孛惜筠', 0, '信息科学与工程学院', '电子信息工程系', '17-1', 17, '2017', NULL, NULL),
	('2017000431', '悟丽泽', 0, '外国语学院', '中国国际能源舆情研究中心', '17-2', 16, '2017', NULL, NULL),
	('2017000442', '双绮波', 0, '地球物理学院', '物探系', '17-2', 22, '2017', NULL, NULL),
	('2017000504', '支向南', 0, '信息科学与工程学院', '软件工程系', '17-1', 18, '2017', NULL, NULL),
	('2017000507', '良尔烟', 0, '化学工程与环境学院', '能源与催化工程系', '17-1', 21, '2017', NULL, NULL),
	('2017000513', '万惜天', 0, '化学工程与环境学院', '环境科学系', '17-1', 20, '2017', NULL, NULL),
	('2017000531', '汲半香', 0, '经济管理学院', '应用经济系', '17-3', 23, '2017', NULL, NULL),
	('2017000567', '须盼芙', 0, '信息科学与工程学院', '自动化系', '17-2', 16, '2017', NULL, NULL),
	('2017000575', '谈冰冰', 0, '信息科学与工程学院', '计算智能教学与研究中心', '17-1', 24, '2017', NULL, NULL),
	('2017000590', '常天曼', 0, '石油工程学院', '油气田开发工程系', '17-1', 19, '2017', NULL, NULL),
	('2018000011', '查炳', 1, '新能源与材料学院', '新能源科学与工程系', '18-2', 17, '2018', NULL, NULL),
	('2018000070', '泉阳州', 1, '经济管理学院', '会计系', '18-1', 23, '2018', NULL, NULL),
	('2018000076', '岳濡', 1, '外国语学院', '英语系', '18-1', 17, '2018', NULL, NULL),
	('2018000086', '可子明', 1, '地球科学学院', '地质学系', '18-3', 16, '2018', NULL, NULL),
	('2018000105', '劳飇', 1, '化学工程与环境学院', '能源与催化工程系', '18-3', 22, '2018', NULL, NULL),
	('2018000108', '泰驰皓', 1, '经济管理学院', '会计系', '18-1', 18, '2018', NULL, NULL),
	('2018000121', '夕景明', 1, '新能源与材料学院', '新能源科学与工程系', '18-2', 23, '2018', NULL, NULL),
	('2018000146', '宗政邈', 1, '外国语学院', '亚欧语教学部', '18-1', 24, '2018', NULL, NULL),
	('2018000166', '牢睿范', 1, '地球科学学院', '油气勘探与开发地质系', '18-1', 21, '2018', NULL, NULL),
	('2018000167', '真嘉', 1, '经济管理学院', '会计系', '18-2', 22, '2018', NULL, NULL),
	('2018000180', '居雨星', 1, '机械与储运工程学院', '过程装备系', '18-1', 16, '2018', NULL, NULL),
	('2018000199', '彭骞魁', 1, '外国语学院', '大学英语教学部', '18-3', 24, '2018', NULL, NULL),
	('2018000231', '威成弘', 1, '机械与储运工程学院', '热能工程系', '18-1', 24, '2018', NULL, NULL),
	('2018000232', '树鸿文', 1, '经济管理学院', '企业管理系', '18-3', 19, '2018', NULL, NULL),
	('2018000239', '家德明', 1, '外国语学院', '英语系', '18-3', 22, '2018', NULL, NULL),
	('2018000240', '禚文山', 1, '石油工程学院', '油气田开发工程系', '18-1', 19, '2018', NULL, NULL),
	('2018000251', '雀光济', 1, '外国语学院', '研究生英语教学部', '18-3', 24, '2018', NULL, NULL),
	('2018000258', '碧琪', 1, '安全与海洋工程学院', '海洋油气工程系', '18-1', 21, '2018', NULL, NULL),
	('2018000270', '祈温茂', 1, '化学工程与环境学院', '能源与催化工程系', '18-3', 18, '2018', NULL, NULL),
	('2018000277', '伍和顺', 1, '外国语学院', '英语系', '18-2', 23, '2018', NULL, NULL),
	('2018000280', '黄弘壮', 1, '地球科学学院', '盆地与油藏研究中心', '18-1', 19, '2018', NULL, NULL),
	('2018000284', '春骏祥', 1, '外国语学院', '中国国际能源舆情研究中心', '18-2', 24, '2018', NULL, NULL),
	('2018000303', '丹琛瑞', 0, '机械与储运工程学院', '机电工程系', '18-1', 20, '2018', NULL, NULL),
	('2018000342', '侨贝莉', 0, '信息科学与工程学院', '电子信息工程系', '18-1', 18, '2018', NULL, NULL),
	('2018000350', '全灵韵', 0, '化学工程与环境学院', '环境工程系', '18-2', 21, '2018', NULL, NULL),
	('2018000376', '喻凡儿', 0, '石油工程学院', '油气田开发工程系', '18-2', 22, '2018', NULL, NULL),
	('2018000383', '宓绮丽', 0, '信息科学与工程学院', '自动化系', '18-3', 16, '2018', NULL, NULL),
	('2018000418', '扬叶帆', 0, '理学院', '应用化学系', '18-1', 23, '2018', NULL, NULL),
	('2018000447', '刚岚翠', 0, '信息科学与工程学院', '自动化系', '18-3', 19, '2018', NULL, NULL),
	('2018000489', '禚嫣然', 0, '石油工程学院', '工程力学系', '18-1', 17, '2018', NULL, NULL),
	('2018000526', '独婉秀', 0, '外国语学院', '研究生英语教学部', '18-3', 18, '2018', NULL, NULL),
	('2018000530', '左清昶', 0, '信息科学与工程学院', '教学实验中心', '18-1', 21, '2018', NULL, NULL),
	('2018000579', '卓冰绿', 0, '经济管理学院', '金融系', '18-3', 24, '2018', NULL, NULL),
	('2018000582', '保如柏', 0, '石油工程学院', '工程力学系', '18-1', 24, '2018', NULL, NULL),
	('2019000015', '俟语', 1, '化学工程与环境学院', '环境工程系', '19-2', 20, '2019', NULL, NULL),
	('2019000027', '逄鸿博', 1, '理学院', '数学系', '19-1', 17, '2019', NULL, NULL),
	('2019000055', '嘉哲茂', 1, '新能源与材料学院', '新能源科学与工程系', '19-2', 22, '2019', NULL, NULL),
	('2019000062', '百惬', 1, '地球科学学院', '盆地与油藏研究中心', '19-3', 24, '2019', NULL, NULL),
	('2019000068', '接博涉', 1, '石油工程学院', '油气井工程系', '19-2', 19, '2019', NULL, NULL),
	('2019000069', '吕长兴', 1, '外国语学院', '中国国际能源舆情研究中心', '19-3', 23, '2019', NULL, NULL),
	('2019000089', '桓浦', 1, '信息科学与工程学院', '教学实验中心', '19-3', 16, '2019', NULL, NULL),
	('2019000118', '厉堂', 1, '信息科学与工程学院', '计算机科学与技术系', '19-2', 21, '2019', NULL, NULL),
	('2019000130', '匡涵畅', 1, '外国语学院', '英语系', '19-1', 20, '2019', NULL, NULL),
	('2019000133', '寇仁', 1, '外国语学院', '亚欧语教学部', '19-2', 18, '2019', NULL, NULL),
	('2019000140', '斋博涛', 1, '外国语学院', '英语系', '19-3', 21, '2019', NULL, NULL),
	('2019000151', '赫连涵容', 1, '机械与储运工程学院', '机电工程系', '19-3', 16, '2019', NULL, NULL),
	('2019000177', '薛晨濡', 1, '石油工程学院', '油气田开发工程系', '19-2', 22, '2019', NULL, NULL),
	('2019000250', '顿子默', 1, '经济管理学院', '应用经济系', '19-3', 19, '2019', NULL, NULL),
	('2019000253', '华胤运', 1, '信息科学与工程学院', '软件工程系', '19-2', 17, '2019', NULL, NULL),
	('2019000261', '堂渺', 1, '机械与储运工程学院', '过程装备系', '19-1', 23, '2019', NULL, NULL),
	('2019000274', '元弘雅', 1, '信息科学与工程学院', '计算智能教学与研究中心', '19-1', 20, '2019', NULL, NULL),
	('2019000311', '陈青易', 0, '信息科学与工程学院', '教学实验中心', '19-1', 16, '2019', NULL, NULL),
	('2019000313', '滕笑容', 0, '新能源与材料学院', '材料科学与工程系', '19-3', 17, '2019', NULL, NULL),
	('2019000335', '淡颖然', 0, '经济管理学院', '管理科学与工程系', '19-3', 19, '2019', NULL, NULL),
	('2019000345', '幸尔槐', 0, '化学工程与环境学院', '能源与催化工程系', '19-2', 17, '2019', NULL, NULL),
	('2019000371', '裔白薇', 0, '经济管理学院', '应用经济系', '19-1', 17, '2019', NULL, NULL),
	('2019000400', '禽香天', 0, '信息科学与工程学院', '软件工程系', '19-2', 20, '2019', NULL, NULL),
	('2019000422', '乜兰若', 0, '化学工程与环境学院', '化学工艺系', '19-3', 17, '2019', NULL, NULL),
	('2019000425', '墨思菱', 0, '信息科学与工程学院', '教学实验中心', '19-3', 24, '2019', NULL, NULL),
	('2019000434', '皇甫露', 0, '地球科学学院', '盆地与油藏研究中心', '19-2', 24, '2019', NULL, NULL),
	('2019000441', '兰千柳', 0, '理学院', '数学系', '19-1', 21, '2019', NULL, NULL),
	('2019000444', '满湘云', 0, '理学院', '数学系', '19-1', 18, '2019', NULL, NULL),
	('2019000461', '丁夜天', 0, '机械与储运工程学院', '油气储运工程系', '19-2', 22, '2019', NULL, NULL),
	('2019000462', '修如南', 0, '经济管理学院', '会计系', '19-3', 18, '2019', NULL, NULL),
	('2019000487', '戢灵萱', 0, '经济管理学院', '应用经济系', '19-2', 23, '2019', NULL, NULL),
	('2019000492', '慈依波', 0, '新能源与材料学院', '新能源科学与工程系', '19-1', 20, '2019', NULL, NULL),
	('2019000521', '秋春绿', 0, '新能源与材料学院', '材料科学与工程系', '19-2', 18, '2019', NULL, NULL),
	('2019000548', '干梦菡', 0, '机械与储运工程学院', '机电工程系', '19-3', 18, '2019', NULL, NULL),
	('2019000578', '刀子怡', 0, '化学工程与环境学院', '环境科学系', '19-2', 21, '2019', NULL, NULL),
	('2019000593', '兆海', 0, '地球科学学院', '油气勘探与开发地质系', '19-2', 21, '2019', NULL, NULL),
	('2019000595', '佴含娇', 0, '外国语学院', '大学英语教学部', '19-1', 17, '2019', NULL, NULL),
	('2020000002', '解运良', 1, '理学院', '数学系', '20-3', 23, '2020', NULL, NULL),
	('2020000010', '朴子昂', 1, '石油工程学院', '工程力学系', '20-3', 20, '2020', NULL, NULL),
	('2020000020', '凭俊明', 1, '石油工程学院', '工程力学系', '20-2', 19, '2020', NULL, NULL),
	('2020000094', '礼信然', 1, '外国语学院', 'MTI（翻译专业硕士）教育中心', '20-1', 18, '2020', NULL, NULL),
	('2020000096', '鹿贤', 1, '安全与海洋工程学院', '安全工程系', '20-1', 22, '2020', NULL, NULL),
	('2020000104', '改藉', 1, '外国语学院', '英语系', '20-1', 16, '2020', NULL, NULL),
	('2020000109', '竹俊楠', 1, '信息科学与工程学院', '计算智能教学与研究中心', '20-1', 24, '2020', NULL, NULL),
	('2020000123', '阚俊力', 1, '化学工程与环境学院', '能源与催化工程系', '20-1', 24, '2020', NULL, NULL),
	('2020000161', '粟奇', 1, '化学工程与环境学院', '化学工艺系', '20-1', 21, '2020', NULL, NULL),
	('2020000178', '梁丘长运', 1, '化学工程与环境学院', '环境科学系', '20-1', 20, '2020', NULL, NULL),
	('2020000185', '左丘石', 1, '安全与海洋工程学院', '安全工程系', '20-2', 18, '2020', NULL, NULL),
	('2020000219', '陶思博', 1, '化学工程与环境学院', '化学工程系', '20-2', 17, '2020', NULL, NULL),
	('2020000244', '圣家骏', 1, '地球物理学院', '物探系', '20-1', 19, '2020', NULL, NULL),
	('2020000257', '析璞', 1, '信息科学与工程学院', '计算机科学与技术系', '20-2', 24, '2020', NULL, NULL),
	('2020000283', '睦鸿晖', 1, '化学工程与环境学院', '环境科学系', '20-3', 20, '2020', NULL, NULL),
	('2020000290', '藩起运', 1, '信息科学与工程学院', '电子信息工程系', '20-1', 16, '2020', NULL, NULL),
	('2020000293', '茆旋', 1, '外国语学院', '亚欧语教学部', '20-3', 19, '2020', NULL, NULL),
	('2020000373', '宦易蓉', 0, '新能源与材料学院', '新能源科学与工程系', '20-3', 22, '2020', NULL, NULL),
	('2020000392', '闪恨', 0, '经济管理学院', '应用经济系', '20-1', 18, '2020', NULL, NULL),
	('2020000406', '西门灿灿', 0, '地球科学学院', '地质学系', '20-2', 19, '2020', NULL, NULL),
	('2020000460', '赫连语', 0, '安全与海洋工程学院', '海洋油气工程系', '20-1', 20, '2020', NULL, NULL),
	('2020000506', '福凌青', 0, '信息科学与工程学院', '计算机科学与技术系', '20-1', 18, '2020', NULL, NULL),
	('2020000519', '边静逸', 0, '化学工程与环境学院', '能源与催化工程系', '20-2', 23, '2020', NULL, NULL),
	('2020000520', '府安白', 0, '机械与储运工程学院', '油气储运工程系', '20-2', 22, '2020', NULL, NULL),
	('2020000523', '谢代巧', 0, '理学院', '物理系', '20-3', 23, '2020', NULL, NULL),
	('2020000538', '管苒', 0, '外国语学院', '大学英语教学部', '20-3', 24, '2020', NULL, NULL),
	('2020000542', '莫雪兰', 0, '化学工程与环境学院', '化学工艺系', '20-3', 16, '2020', NULL, NULL),
	('2020000554', '邗倩', 0, '石油工程学院', '油气井工程系', '20-3', 19, '2020', NULL, NULL),
	('2020000556', '郑梓玥', 0, '机械与储运工程学院', '油气储运工程系', '20-1', 19, '2020', NULL, NULL),
	('2020000585', '茂夏山', 0, '石油工程学院', '油气田开发工程系', '20-1', 16, '2020', NULL, NULL);
/*!40000 ALTER TABLE `student` ENABLE KEYS */;

-- 导出  表 educationalas.teacher 结构
CREATE TABLE IF NOT EXISTS `teacher` (
  `id` char(4) NOT NULL,
  `name` char(18) NOT NULL,
  `gender` int(11) unsigned NOT NULL,
  `department` char(20) NOT NULL,
  `title` char(10) NOT NULL,
  `tel` char(11) DEFAULT NULL,
  PRIMARY KEY (`id`),
  KEY `department` (`department`)
) ENGINE=InnoDB DEFAULT CHARSET=utf8;

-- 正在导出表  educationalas.teacher 的数据：~202 rows (大约)
/*!40000 ALTER TABLE `teacher` DISABLE KEYS */;
INSERT INTO `teacher` (`id`, `name`, `gender`, `department`, `title`, `tel`) VALUES
	('0000', '衡华灿', 1, '安全与海洋工程学院', '教授', NULL),
	('0001', '微生敬曦', 1, '外国语学院', '讲师', NULL),
	('0002', '暨勇男', 1, '石油工程学院', '讲师', NULL),
	('0003', '说宜春', 1, '地球科学学院', '副教授', NULL),
	('0004', '夙俊美', 1, '经济管理学院', '副教授', NULL),
	('0005', '运良朋', 1, '经济管理学院', '副教授', NULL),
	('0006', '旗郎', 1, '化学工程与环境学院', '教授', NULL),
	('0007', '次新霁', 1, '外国语学院', '讲师', NULL),
	('0008', '穰浩大', 1, '新能源与材料学院', '讲师', NULL),
	('0009', '贵建弼', 1, '石油工程学院', '讲师', NULL),
	('0010', '亥才', 1, '外国语学院', '讲师', NULL),
	('0011', '彭好', 1, '地球科学学院', '教授', NULL),
	('0012', '合理全', 1, '新能源与材料学院', '副教授', NULL),
	('0013', '罕朋兴', 1, '地球科学学院', '讲师', NULL),
	('0014', '葛浩慨', 1, '经济管理学院', '讲师', NULL),
	('0015', '房俊才', 1, '地球物理学院', '讲师', NULL),
	('0016', '刀兴昌', 1, '外国语学院', '讲师', NULL),
	('0017', '逯斌', 1, '地球物理学院', '教授', NULL),
	('0018', '巫伟博', 1, '信息科学与工程学院', '副教授', NULL),
	('0019', '蔺俊驰', 1, '理学院', '讲师', NULL),
	('0020', '士正业', 1, '化学工程与环境学院', '讲师', NULL),
	('0021', '苏乐生', 1, '外国语学院', '讲师', NULL),
	('0022', '呼延雅志', 1, '信息科学与工程学院', '讲师', NULL),
	('0023', '类鸿哲', 1, '机械与储运工程学院', '副教授', NULL),
	('0024', '烟学智', 1, '信息科学与工程学院', '副教授', NULL),
	('0025', '邱翔宇', 1, '经济管理学院', '副教授', NULL),
	('0026', '瑞鸿达', 1, '石油工程学院', '副教授', NULL),
	('0027', '虢英', 1, '石油工程学院', '讲师', NULL),
	('0028', '苟烨伟', 1, '经济管理学院', '副教授', NULL),
	('0029', '和振', 1, '化学工程与环境学院', '讲师', NULL),
	('0030', '受永新', 1, '石油工程学院', '讲师', NULL),
	('0031', '古翮', 1, '地球科学学院', '讲师', NULL),
	('0032', '司空濮', 1, '地球科学学院', '讲师', NULL),
	('0033', '贸怡', 1, '地球科学学院', '讲师', NULL),
	('0034', '剑德', 1, '理学院', '副教授', NULL),
	('0035', '马佳洽', 1, '经济管理学院', '副教授', NULL),
	('0036', '辟建茗', 1, '信息科学与工程学院', '副教授', NULL),
	('0037', '酒昌盛', 1, '化学工程与环境学院', '讲师', NULL),
	('0038', '毓德运', 1, '经济管理学院', '讲师', NULL),
	('0039', '淡嘉佑', 1, '理学院', '讲师', NULL),
	('0040', '玉歆', 1, '机械与储运工程学院', '讲师', NULL),
	('0041', '束良才', 1, '化学工程与环境学院', '讲师', NULL),
	('0042', '柔临', 1, '地球物理学院', '讲师', NULL),
	('0043', '帛俊捷', 1, '化学工程与环境学院', '副教授', NULL),
	('0044', '渠敏才', 1, '新能源与材料学院', '副教授', NULL),
	('0045', '奕俊雄', 1, '理学院', '讲师', NULL),
	('0046', '郗永元', 1, '地球物理学院', '副教授', NULL),
	('0047', '牛安歌', 1, '化学工程与环境学院', '讲师', NULL),
	('0048', '枝尚', 1, '化学工程与环境学院', '讲师', NULL),
	('0049', '计瀚漠', 1, '新能源与材料学院', '讲师', NULL),
	('0050', '以鸿轩', 1, '信息科学与工程学院', '讲师', NULL),
	('0051', '贲康伯', 1, '地球科学学院', '讲师', NULL),
	('0052', '宫彭越', 1, '化学工程与环境学院', '副教授', NULL),
	('0053', '出成仁', 1, '新能源与材料学院', '讲师', NULL),
	('0054', '温振荣', 1, '经济管理学院', '讲师', NULL),
	('0055', '宿知', 1, '经济管理学院', '讲师', NULL),
	('0056', '沈皓', 1, '外国语学院', '讲师', NULL),
	('0057', '皇甫咏思', 1, '信息科学与工程学院', '讲师', NULL),
	('0058', '双高明', 1, '地球科学学院', '讲师', NULL),
	('0059', '姒明知', 1, '机械与储运工程学院', '讲师', NULL),
	('0060', '聊元青', 1, '地球物理学院', '讲师', NULL),
	('0061', '钊刚毅', 1, '理学院', '讲师', NULL),
	('0062', '佘秋', 1, '石油工程学院', '讲师', NULL),
	('0063', '狂鸿羲', 1, '信息科学与工程学院', '讲师', NULL),
	('0064', '昝博实', 1, '地球科学学院', '教授', NULL),
	('0065', '强涵意', 1, '信息科学与工程学院', '副教授', NULL),
	('0066', '霍金鹏', 1, '经济管理学院', '讲师', NULL),
	('0067', '封昆鹏', 1, '新能源与材料学院', '副教授', NULL),
	('0068', '钱和同', 1, '地球科学学院', '讲师', NULL),
	('0069', '中元忠', 1, '理学院', '副教授', NULL),
	('0070', '圣锦', 1, '外国语学院', '副教授', NULL),
	('0071', '驹元魁', 1, '外国语学院', '副教授', NULL),
	('0072', '顿游', 1, '化学工程与环境学院', '教授', NULL),
	('0073', '余金鑫', 1, '机械与储运工程学院', '讲师', NULL),
	('0074', '考壤', 1, '机械与储运工程学院', '讲师', NULL),
	('0075', '孟藉', 1, '安全与海洋工程学院', '副教授', NULL),
	('0076', '蒿鹍', 1, '石油工程学院', '副教授', NULL),
	('0077', '揭安福', 1, '化学工程与环境学院', '副教授', NULL),
	('0078', '夏畅', 1, '新能源与材料学院', '讲师', NULL),
	('0079', '偶鸿风', 1, '外国语学院', '副教授', NULL),
	('0080', '诗智伟', 1, '化学工程与环境学院', '讲师', NULL),
	('0081', '机旭彬', 1, '地球物理学院', '讲师', NULL),
	('0082', '傅志诚', 1, '地球科学学院', '讲师', NULL),
	('0083', '同嘉誉', 1, '机械与储运工程学院', '副教授', NULL),
	('0084', '清飞光', 1, '化学工程与环境学院', '副教授', NULL),
	('0085', '邬瀚', 1, '地球科学学院', '副教授', NULL),
	('0086', '野成礼', 1, '石油工程学院', '讲师', NULL),
	('0087', '阴飞虎', 1, '化学工程与环境学院', '副教授', NULL),
	('0088', '励英发', 1, '理学院', '讲师', NULL),
	('0089', '竺乐容', 1, '地球物理学院', '讲师', NULL),
	('0090', '源懿', 1, '机械与储运工程学院', '讲师', NULL),
	('0091', '谈璞玉', 1, '新能源与材料学院', '教授', NULL),
	('0092', '义璧', 1, '机械与储运工程学院', '讲师', NULL),
	('0093', '乜中震', 1, '安全与海洋工程学院', '讲师', NULL),
	('0094', '祈璟', 1, '信息科学与工程学院', '副教授', NULL),
	('0095', '邵嘉志', 1, '外国语学院', '副教授', NULL),
	('0096', '巧星睿', 1, '地球物理学院', '讲师', NULL),
	('0097', '慕容长平', 1, '外国语学院', '副教授', NULL),
	('0098', '缑锐进', 1, '经济管理学院', '副教授', NULL),
	('0099', '睦弘雅', 1, '地球科学学院', '讲师', NULL),
	('0100', '朴鹏池', 1, '化学工程与环境学院', '副教授', NULL),
	('0101', '粟璇娟', 0, '经济管理学院', '副教授', NULL),
	('0102', '仁夏柳', 0, '理学院', '副教授', NULL),
	('0103', '郏影', 0, '地球科学学院', '讲师', NULL),
	('0104', '运绿竹', 0, '理学院', '讲师', NULL),
	('0105', '范流逸', 0, '理学院', '教授', NULL),
	('0106', '朋绮兰', 0, '外国语学院', '副教授', NULL),
	('0107', '鱼格格', 0, '经济管理学院', '副教授', NULL),
	('0108', '束雅彤', 0, '石油工程学院', '副教授', NULL),
	('0109', '缪笑翠', 0, '地球科学学院', '讲师', NULL),
	('0110', '赏古兰', 0, '机械与储运工程学院', '讲师', NULL),
	('0111', '盛娟妍', 0, '外国语学院', '讲师', NULL),
	('0112', '义烟', 0, '信息科学与工程学院', '副教授', NULL),
	('0113', '庹悦恺', 0, '机械与储运工程学院', '副教授', NULL),
	('0114', '夕端雅', 0, '新能源与材料学院', '讲师', NULL),
	('0115', '威音', 0, '地球物理学院', '讲师', NULL),
	('0116', '宗政傲旋', 0, '化学工程与环境学院', '讲师', NULL),
	('0117', '天暄妍', 0, '新能源与材料学院', '副教授', NULL),
	('0118', '辟小枫', 0, '信息科学与工程学院', '副教授', NULL),
	('0119', '谬沛槐', 0, '信息科学与工程学院', '讲师', NULL),
	('0120', '希曼雁', 0, '石油工程学院', '讲师', NULL),
	('0121', '尉沛凝', 0, '经济管理学院', '教授', NULL),
	('0122', '永文君', 0, '理学院', '讲师', NULL),
	('0123', '古春芳', 0, '外国语学院', '讲师', NULL),
	('0124', '徐谷菱', 0, '化学工程与环境学院', '讲师', NULL),
	('0125', '栋尔柳', 0, '机械与储运工程学院', '讲师', NULL),
	('0126', '贝迎秋', 0, '地球物理学院', '副教授', NULL),
	('0127', '嵇善静', 0, '机械与储运工程学院', '讲师', NULL),
	('0128', '邝小珍', 0, '化学工程与环境学院', '副教授', NULL),
	('0129', '容淑雅', 0, '化学工程与环境学院', '副教授', NULL),
	('0130', '母含云', 0, '化学工程与环境学院', '副教授', NULL),
	('0131', '杭秋柔', 0, '地球科学学院', '讲师', NULL),
	('0132', '澄枫', 0, '外国语学院', '讲师', NULL),
	('0133', '纳忆秋', 0, '化学工程与环境学院', '讲师', NULL),
	('0134', '掌幻巧', 0, '外国语学院', '讲师', NULL),
	('0135', '焉新瑶', 0, '外国语学院', '副教授', NULL),
	('0136', '从慧心', 0, '机械与储运工程学院', '教授', NULL),
	('0137', '爱巧夏', 0, '经济管理学院', '教授', NULL),
	('0138', '检慕卉', 0, '信息科学与工程学院', '副教授', NULL),
	('0139', '旗友桃', 0, '地球物理学院', '讲师', NULL),
	('0140', '妫问萍', 0, '化学工程与环境学院', '讲师', NULL),
	('0141', '节愉婉', 0, '安全与海洋工程学院', '讲师', NULL),
	('0142', '绳雅容', 0, '地球科学学院', '讲师', NULL),
	('0143', '浮寻巧', 0, '理学院', '副教授', NULL),
	('0144', '雀天巧', 0, '信息科学与工程学院', '副教授', NULL),
	('0145', '昂桂芝', 0, '经济管理学院', '讲师', NULL),
	('0146', '经婷美', 0, '经济管理学院', '讲师', NULL),
	('0147', '嬴雨琴', 0, '化学工程与环境学院', '副教授', NULL),
	('0148', '廉采波', 0, '机械与储运工程学院', '讲师', NULL),
	('0149', '蚁又琴', 0, '新能源与材料学院', '讲师', NULL),
	('0150', '卜芳春', 0, '外国语学院', '讲师', NULL),
	('0151', '訾妍丽', 0, '外国语学院', '副教授', NULL),
	('0152', '系伶伶', 0, '石油工程学院', '讲师', NULL),
	('0153', '道璠瑜', 0, '经济管理学院', '副教授', NULL),
	('0154', '敛菱华', 0, '经济管理学院', '副教授', NULL),
	('0155', '繁清心', 0, '化学工程与环境学院', '讲师', NULL),
	('0156', '鄂迎梅', 0, '新能源与材料学院', '讲师', NULL),
	('0157', '宋雅柔', 0, '机械与储运工程学院', '讲师', NULL),
	('0158', '牢依霜', 0, '机械与储运工程学院', '讲师', NULL),
	('0159', '府南晴', 0, '安全与海洋工程学院', '讲师', NULL),
	('0160', '年司辰', 0, '外国语学院', '讲师', NULL),
	('0161', '乔静安', 0, '化学工程与环境学院', '讲师', NULL),
	('0162', '林冬雁', 0, '机械与储运工程学院', '教授', NULL),
	('0163', '揭春华', 0, '化学工程与环境学院', '副教授', NULL),
	('0164', '本清婉', 0, '外国语学院', '讲师', NULL),
	('0165', '融寻绿', 0, '理学院', '讲师', NULL),
	('0166', '僪清逸', 0, '新能源与材料学院', '讲师', NULL),
	('0167', '凤秀英', 0, '外国语学院', '副教授', NULL),
	('0168', '满馨', 0, '地球科学学院', '副教授', NULL),
	('0169', '仉素洁', 0, '信息科学与工程学院', '副教授', NULL),
	('0170', '宇清绮', 0, '理学院', '讲师', NULL),
	('0171', '饶琨瑶', 0, '石油工程学院', '讲师', NULL),
	('0172', '汪安吉', 0, '地球科学学院', '讲师', NULL),
	('0173', '全馨欣', 0, '经济管理学院', '副教授', NULL),
	('0174', '留书雁', 0, '经济管理学院', '讲师', NULL),
	('0175', '坚寻双', 0, '外国语学院', '副教授', NULL),
	('0176', '章盼柳', 0, '机械与储运工程学院', '讲师', NULL),
	('0177', '哀和怡', 0, '化学工程与环境学院', '讲师', NULL),
	('0178', '蒉谷蓝', 0, '外国语学院', '副教授', NULL),
	('0179', '昔彤蕊', 0, '新能源与材料学院', '讲师', NULL),
	('0180', '庾雅娴', 0, '机械与储运工程学院', '副教授', NULL),
	('0181', '况清芬', 0, '信息科学与工程学院', '副教授', NULL),
	('0182', '顿寒荷', 0, '机械与储运工程学院', '副教授', NULL),
	('0183', '柔心菱', 0, '外国语学院', '副教授', NULL),
	('0184', '畅嘉淑', 0, '机械与储运工程学院', '副教授', NULL),
	('0185', '雷贝', 0, '外国语学院', '讲师', NULL),
	('0186', '宦琛', 0, '信息科学与工程学院', '讲师', NULL),
	('0187', '信佳晨', 0, '信息科学与工程学院', '副教授', NULL),
	('0188', '双方方', 0, '外国语学院', '教授', NULL),
	('0189', '冯忆丹', 0, '外国语学院', '讲师', NULL),
	('0190', '马佳子骞', 0, '经济管理学院', '讲师', NULL),
	('0191', '马璇珠', 0, '机械与储运工程学院', '副教授', NULL),
	('0192', '杜初蝶', 0, '新能源与材料学院', '讲师', NULL),
	('0193', '朴雅逸', 0, '信息科学与工程学院', '副教授', NULL),
	('0194', '司徒以南', 0, '地球科学学院', '讲师', NULL),
	('0195', '其明艳', 0, '信息科学与工程学院', '讲师', NULL),
	('0196', '蒙依美', 0, '安全与海洋工程学院', '讲师', NULL),
	('0197', '储盼晴', 0, '机械与储运工程学院', '讲师', NULL),
	('0198', '明丝琦', 0, '化学工程与环境学院', '讲师', NULL),
	('0199', '皋芮静', 0, '地球科学学院', '讲师', NULL),
	('0200', '危书雁', 0, '地球科学学院', '讲师', NULL),
	('0201', '贡冰蝶', 0, '新能源与材料学院', '讲师', NULL);
/*!40000 ALTER TABLE `teacher` ENABLE KEYS */;

-- 导出  表 educationalas.user 结构
CREATE TABLE IF NOT EXISTS `user` (
  `name` char(10) NOT NULL,
  `password` char(20) NOT NULL,
  `type` char(3) NOT NULL,
  PRIMARY KEY (`name`)
) ENGINE=InnoDB DEFAULT CHARSET=utf8;

-- 正在导出表  educationalas.user 的数据：~802 rows (大约)
/*!40000 ALTER TABLE `user` DISABLE KEYS */;
INSERT INTO `user` (`name`, `password`, `type`) VALUES
	('0000', '0000', '教师'),
	('0001', '0001', '教师'),
	('0002', '0002', '教师'),
	('0003', '0003', '教师'),
	('0004', '0004', '教师'),
	('0005', '0005', '教师'),
	('0006', '0006', '教师'),
	('0007', '0007', '教师'),
	('0008', '0008', '教师'),
	('0009', '0009', '教师'),
	('0010', '0010', '教师'),
	('0011', '0011', '教师'),
	('0012', '0012', '教师'),
	('0013', '0013', '教师'),
	('0014', '0014', '教师'),
	('0015', '0015', '教师'),
	('0016', '0016', '教师'),
	('0017', '0017', '教师'),
	('0018', '0018', '教师'),
	('0019', '0019', '教师'),
	('0020', '0020', '教师'),
	('0021', '0021', '教师'),
	('0022', '0022', '教师'),
	('0023', '0023', '教师'),
	('0024', '0024', '教师'),
	('0025', '0025', '教师'),
	('0026', '0026', '教师'),
	('0027', '0027', '教师'),
	('0028', '0028', '教师'),
	('0029', '0029', '教师'),
	('0030', '0030', '教师'),
	('0031', '0031', '教师'),
	('0032', '0032', '教师'),
	('0033', '0033', '教师'),
	('0034', '0034', '教师'),
	('0035', '0035', '教师'),
	('0036', '0036', '教师'),
	('0037', '0037', '教师'),
	('0038', '0038', '教师'),
	('0039', '0039', '教师'),
	('0040', '0040', '教师'),
	('0041', '0041', '教师'),
	('0042', '0042', '教师'),
	('0043', '0043', '教师'),
	('0044', '0044', '教师'),
	('0045', '0045', '教师'),
	('0046', '0046', '教师'),
	('0047', '0047', '教师'),
	('0048', '0048', '教师'),
	('0049', '0049', '教师'),
	('0050', '0050', '教师'),
	('0051', '0051', '教师'),
	('0052', '0052', '教师'),
	('0053', '0053', '教师'),
	('0054', '0054', '教师'),
	('0055', '0055', '教师'),
	('0056', '0056', '教师'),
	('0057', '0057', '教师'),
	('0058', '0058', '教师'),
	('0059', '0059', '教师'),
	('0060', '0060', '教师'),
	('0061', '0061', '教师'),
	('0062', '0062', '教师'),
	('0063', '0063', '教师'),
	('0064', '0064', '教师'),
	('0065', '0065', '教师'),
	('0066', '0066', '教师'),
	('0067', '0067', '教师'),
	('0068', '0068', '教师'),
	('0069', '0069', '教师'),
	('0070', '0070', '教师'),
	('0071', '0071', '教师'),
	('0072', '0072', '教师'),
	('0073', '0073', '教师'),
	('0074', '0074', '教师'),
	('0075', '0075', '教师'),
	('0076', '0076', '教师'),
	('0077', '0077', '教师'),
	('0078', '0078', '教师'),
	('0079', '0079', '教师'),
	('0080', '0080', '教师'),
	('0081', '0081', '教师'),
	('0082', '0082', '教师'),
	('0083', '0083', '教师'),
	('0084', '0084', '教师'),
	('0085', '0085', '教师'),
	('0086', '0086', '教师'),
	('0087', '0087', '教师'),
	('0088', '0088', '教师'),
	('0089', '0089', '教师'),
	('0090', '0090', '教师'),
	('0091', '0091', '教师'),
	('0092', '0092', '教师'),
	('0093', '0093', '教师'),
	('0094', '0094', '教师'),
	('0095', '0095', '教师'),
	('0096', '0096', '教师'),
	('0097', '0097', '教师'),
	('0098', '0098', '教师'),
	('0099', '0099', '教师'),
	('0100', '0100', '教师'),
	('0101', '0101', '教师'),
	('0102', '0102', '教师'),
	('0103', '0103', '教师'),
	('0104', '0104', '教师'),
	('0105', '0105', '教师'),
	('0106', '0106', '教师'),
	('0107', '0107', '教师'),
	('0108', '0108', '教师'),
	('0109', '0109', '教师'),
	('0110', '0110', '教师'),
	('0111', '0111', '教师'),
	('0112', '0112', '教师'),
	('0113', '0113', '教师'),
	('0114', '0114', '教师'),
	('0115', '0115', '教师'),
	('0116', '0116', '教师'),
	('0117', '0117', '教师'),
	('0118', '0118', '教师'),
	('0119', '0119', '教师'),
	('0120', '0120', '教师'),
	('0121', '0121', '教师'),
	('0122', '0122', '教师'),
	('0123', '0123', '教师'),
	('0124', '0124', '教师'),
	('0125', '0125', '教师'),
	('0126', '0126', '教师'),
	('0127', '0127', '教师'),
	('0128', '0128', '教师'),
	('0129', '0129', '教师'),
	('0130', '0130', '教师'),
	('0131', '0131', '教师'),
	('0132', '0132', '教师'),
	('0133', '0133', '教师'),
	('0134', '0134', '教师'),
	('0135', '0135', '教师'),
	('0136', '0136', '教师'),
	('0137', '0137', '教师'),
	('0138', '0138', '教师'),
	('0139', '0139', '教师'),
	('0140', '0140', '教师'),
	('0141', '0141', '教师'),
	('0142', '0142', '教师'),
	('0143', '0143', '教师'),
	('0144', '0144', '教师'),
	('0145', '0145', '教师'),
	('0146', '0146', '教师'),
	('0147', '0147', '教师'),
	('0148', '0148', '教师'),
	('0149', '0149', '教师'),
	('0150', '0150', '教师'),
	('0151', '0151', '教师'),
	('0152', '0152', '教师'),
	('0153', '0153', '教师'),
	('0154', '0154', '教师'),
	('0155', '0155', '教师'),
	('0156', '0156', '教师'),
	('0157', '0157', '教师'),
	('0158', '0158', '教师'),
	('0159', '0159', '教师'),
	('0160', '0160', '教师'),
	('0161', '0161', '教师'),
	('0162', '0162', '教师'),
	('0163', '0163', '教师'),
	('0164', '0164', '教师'),
	('0165', '0165', '教师'),
	('0166', '0166', '教师'),
	('0167', '0167', '教师'),
	('0168', '0168', '教师'),
	('0169', '0169', '教师'),
	('0170', '0170', '教师'),
	('0171', '0171', '教师'),
	('0172', '0172', '教师'),
	('0173', '0173', '教师'),
	('0174', '0174', '教师'),
	('0175', '0175', '教师'),
	('0176', '0176', '教师'),
	('0177', '0177', '教师'),
	('0178', '0178', '教师'),
	('0179', '0179', '教师'),
	('0180', '0180', '教师'),
	('0181', '0181', '教师'),
	('0182', '0182', '教师'),
	('0183', '0183', '教师'),
	('0184', '0184', '教师'),
	('0185', '0185', '教师'),
	('0186', '0186', '教师'),
	('0187', '0187', '教师'),
	('0188', '0188', '教师'),
	('0189', '0189', '教师'),
	('0190', '0190', '教师'),
	('0191', '0191', '教师'),
	('0192', '0192', '教师'),
	('0193', '0193', '教师'),
	('0194', '0194', '教师'),
	('0195', '0195', '教师'),
	('0196', '0196', '教师'),
	('0197', '0197', '教师'),
	('0198', '0198', '教师'),
	('0199', '0199', '教师'),
	('0200', '0200', '教师'),
	('0201', '0201', '教师'),
	('2000000025', '2000000025', '学生'),
	('2000000044', '2000000044', '学生'),
	('2000000046', '2000000046', '学生'),
	('2000000060', '2000000060', '学生'),
	('2000000071', '2000000071', '学生'),
	('2000000110', '2000000110', '学生'),
	('2000000135', '2000000135', '学生'),
	('2000000143', '2000000143', '学生'),
	('2000000155', '2000000155', '学生'),
	('2000000191', '2000000191', '学生'),
	('2000000242', '2000000242', '学生'),
	('2000000256', '2000000256', '学生'),
	('2000000286', '2000000286', '学生'),
	('2000000287', '2000000287', '学生'),
	('2000000357', '2000000357', '学生'),
	('2000000384', '2000000384', '学生'),
	('2000000391', '2000000391', '学生'),
	('2000000423', '2000000423', '学生'),
	('2000000438', '2000000438', '学生'),
	('2000000468', '2000000468', '学生'),
	('2000000470', '2000000470', '学生'),
	('2000000471', '2000000471', '学生'),
	('2000000484', '2000000484', '学生'),
	('2000000500', '2000000500', '学生'),
	('2000000518', '2000000518', '学生'),
	('2000000544', '2000000544', '学生'),
	('2000000569', '2000000569', '学生'),
	('2000000596', '2000000596', '学生'),
	('2001000016', '2001000016', '学生'),
	('2001000032', '2001000032', '学生'),
	('2001000132', '2001000132', '学生'),
	('2001000138', '2001000138', '学生'),
	('2001000142', '2001000142', '学生'),
	('2001000168', '2001000168', '学生'),
	('2001000186', '2001000186', '学生'),
	('2001000203', '2001000203', '学生'),
	('2001000209', '2001000209', '学生'),
	('2001000238', '2001000238', '学生'),
	('2001000298', '2001000298', '学生'),
	('2001000319', '2001000319', '学生'),
	('2001000328', '2001000328', '学生'),
	('2001000352', '2001000352', '学生'),
	('2001000353', '2001000353', '学生'),
	('2001000367', '2001000367', '学生'),
	('2001000409', '2001000409', '学生'),
	('2001000417', '2001000417', '学生'),
	('2001000463', '2001000463', '学生'),
	('2001000490', '2001000490', '学生'),
	('2001000517', '2001000517', '学生'),
	('2001000524', '2001000524', '学生'),
	('2001000535', '2001000535', '学生'),
	('2001000552', '2001000552', '学生'),
	('2002000007', '2002000007', '学生'),
	('2002000022', '2002000022', '学生'),
	('2002000087', '2002000087', '学生'),
	('2002000106', '2002000106', '学生'),
	('2002000148', '2002000148', '学生'),
	('2002000159', '2002000159', '学生'),
	('2002000162', '2002000162', '学生'),
	('2002000206', '2002000206', '学生'),
	('2002000208', '2002000208', '学生'),
	('2002000224', '2002000224', '学生'),
	('2002000247', '2002000247', '学生'),
	('2002000260', '2002000260', '学生'),
	('2002000264', '2002000264', '学生'),
	('2002000273', '2002000273', '学生'),
	('2002000292', '2002000292', '学生'),
	('2002000314', '2002000314', '学生'),
	('2002000327', '2002000327', '学生'),
	('2002000377', '2002000377', '学生'),
	('2002000428', '2002000428', '学生'),
	('2002000435', '2002000435', '学生'),
	('2002000482', '2002000482', '学生'),
	('2002000488', '2002000488', '学生'),
	('2002000495', '2002000495', '学生'),
	('2002000508', '2002000508', '学生'),
	('2002000511', '2002000511', '学生'),
	('2002000545', '2002000545', '学生'),
	('2002000546', '2002000546', '学生'),
	('2002000562', '2002000562', '学生'),
	('2002000563', '2002000563', '学生'),
	('2002000572', '2002000572', '学生'),
	('2002000597', '2002000597', '学生'),
	('2003000003', '2003000003', '学生'),
	('2003000029', '2003000029', '学生'),
	('2003000031', '2003000031', '学生'),
	('2003000047', '2003000047', '学生'),
	('2003000095', '2003000095', '学生'),
	('2003000136', '2003000136', '学生'),
	('2003000170', '2003000170', '学生'),
	('2003000173', '2003000173', '学生'),
	('2003000175', '2003000175', '学生'),
	('2003000211', '2003000211', '学生'),
	('2003000241', '2003000241', '学生'),
	('2003000307', '2003000307', '学生'),
	('2003000316', '2003000316', '学生'),
	('2003000317', '2003000317', '学生'),
	('2003000330', '2003000330', '学生'),
	('2003000349', '2003000349', '学生'),
	('2003000361', '2003000361', '学生'),
	('2003000379', '2003000379', '学生'),
	('2003000385', '2003000385', '学生'),
	('2003000387', '2003000387', '学生'),
	('2003000408', '2003000408', '学生'),
	('2003000452', '2003000452', '学生'),
	('2003000498', '2003000498', '学生'),
	('2003000510', '2003000510', '学生'),
	('2003000555', '2003000555', '学生'),
	('2004000008', '2004000008', '学生'),
	('2004000038', '2004000038', '学生'),
	('2004000058', '2004000058', '学生'),
	('2004000098', '2004000098', '学生'),
	('2004000228', '2004000228', '学生'),
	('2004000248', '2004000248', '学生'),
	('2004000281', '2004000281', '学生'),
	('2004000288', '2004000288', '学生'),
	('2004000295', '2004000295', '学生'),
	('2004000358', '2004000358', '学生'),
	('2004000359', '2004000359', '学生'),
	('2004000404', '2004000404', '学生'),
	('2004000405', '2004000405', '学生'),
	('2004000412', '2004000412', '学生'),
	('2004000421', '2004000421', '学生'),
	('2004000430', '2004000430', '学生'),
	('2004000437', '2004000437', '学生'),
	('2004000445', '2004000445', '学生'),
	('2004000451', '2004000451', '学生'),
	('2004000485', '2004000485', '学生'),
	('2004000502', '2004000502', '学生'),
	('2004000514', '2004000514', '学生'),
	('2004000537', '2004000537', '学生'),
	('2004000539', '2004000539', '学生'),
	('2004000576', '2004000576', '学生'),
	('2004000581', '2004000581', '学生'),
	('2004000592', '2004000592', '学生'),
	('2005000001', '2005000001', '学生'),
	('2005000018', '2005000018', '学生'),
	('2005000035', '2005000035', '学生'),
	('2005000057', '2005000057', '学生'),
	('2005000065', '2005000065', '学生'),
	('2005000073', '2005000073', '学生'),
	('2005000080', '2005000080', '学生'),
	('2005000120', '2005000120', '学生'),
	('2005000134', '2005000134', '学生'),
	('2005000190', '2005000190', '学生'),
	('2005000194', '2005000194', '学生'),
	('2005000201', '2005000201', '学生'),
	('2005000216', '2005000216', '学生'),
	('2005000236', '2005000236', '学生'),
	('2005000254', '2005000254', '学生'),
	('2005000294', '2005000294', '学生'),
	('2005000297', '2005000297', '学生'),
	('2005000312', '2005000312', '学生'),
	('2005000321', '2005000321', '学生'),
	('2005000325', '2005000325', '学生'),
	('2005000346', '2005000346', '学生'),
	('2005000446', '2005000446', '学生'),
	('2005000473', '2005000473', '学生'),
	('2005000480', '2005000480', '学生'),
	('2005000493', '2005000493', '学生'),
	('2005000501', '2005000501', '学生'),
	('2005000509', '2005000509', '学生'),
	('2005000529', '2005000529', '学生'),
	('2005000551', '2005000551', '学生'),
	('2005000565', '2005000565', '学生'),
	('2005000570', '2005000570', '学生'),
	('2005000580', '2005000580', '学生'),
	('2005000583', '2005000583', '学生'),
	('2006000052', '2006000052', '学生'),
	('2006000054', '2006000054', '学生'),
	('2006000066', '2006000066', '学生'),
	('2006000100', '2006000100', '学生'),
	('2006000117', '2006000117', '学生'),
	('2006000127', '2006000127', '学生'),
	('2006000144', '2006000144', '学生'),
	('2006000165', '2006000165', '学生'),
	('2006000176', '2006000176', '学生'),
	('2006000179', '2006000179', '学生'),
	('2006000204', '2006000204', '学生'),
	('2006000218', '2006000218', '学生'),
	('2006000222', '2006000222', '学生'),
	('2006000226', '2006000226', '学生'),
	('2006000276', '2006000276', '学生'),
	('2006000291', '2006000291', '学生'),
	('2006000309', '2006000309', '学生'),
	('2006000332', '2006000332', '学生'),
	('2006000344', '2006000344', '学生'),
	('2006000356', '2006000356', '学生'),
	('2006000375', '2006000375', '学生'),
	('2006000388', '2006000388', '学生'),
	('2006000389', '2006000389', '学生'),
	('2006000403', '2006000403', '学生'),
	('2006000455', '2006000455', '学生'),
	('2006000456', '2006000456', '学生'),
	('2006000472', '2006000472', '学生'),
	('2006000541', '2006000541', '学生'),
	('2006000547', '2006000547', '学生'),
	('2006000550', '2006000550', '学生'),
	('2006000558', '2006000558', '学生'),
	('2006000588', '2006000588', '学生'),
	('2006000591', '2006000591', '学生'),
	('2007000019', '2007000019', '学生'),
	('2007000034', '2007000034', '学生'),
	('2007000093', '2007000093', '学生'),
	('2007000114', '2007000114', '学生'),
	('2007000119', '2007000119', '学生'),
	('2007000150', '2007000150', '学生'),
	('2007000163', '2007000163', '学生'),
	('2007000171', '2007000171', '学生'),
	('2007000237', '2007000237', '学生'),
	('2007000268', '2007000268', '学生'),
	('2007000271', '2007000271', '学生'),
	('2007000275', '2007000275', '学生'),
	('2007000304', '2007000304', '学生'),
	('2007000308', '2007000308', '学生'),
	('2007000318', '2007000318', '学生'),
	('2007000338', '2007000338', '学生'),
	('2007000368', '2007000368', '学生'),
	('2007000393', '2007000393', '学生'),
	('2007000394', '2007000394', '学生'),
	('2007000477', '2007000477', '学生'),
	('2007000481', '2007000481', '学生'),
	('2007000496', '2007000496', '学生'),
	('2007000553', '2007000553', '学生'),
	('2007000568', '2007000568', '学生'),
	('2008000028', '2008000028', '学生'),
	('2008000129', '2008000129', '学生'),
	('2008000147', '2008000147', '学生'),
	('2008000156', '2008000156', '学生'),
	('2008000172', '2008000172', '学生'),
	('2008000202', '2008000202', '学生'),
	('2008000217', '2008000217', '学生'),
	('2008000262', '2008000262', '学生'),
	('2008000272', '2008000272', '学生'),
	('2008000339', '2008000339', '学生'),
	('2008000341', '2008000341', '学生'),
	('2008000362', '2008000362', '学生'),
	('2008000382', '2008000382', '学生'),
	('2008000395', '2008000395', '学生'),
	('2008000399', '2008000399', '学生'),
	('2008000407', '2008000407', '学生'),
	('2008000443', '2008000443', '学生'),
	('2008000459', '2008000459', '学生'),
	('2008000559', '2008000559', '学生'),
	('2008000564', '2008000564', '学生'),
	('2008000589', '2008000589', '学生'),
	('2008000598', '2008000598', '学生'),
	('2008000599', '2008000599', '学生'),
	('2009000006', '2009000006', '学生'),
	('2009000012', '2009000012', '学生'),
	('2009000017', '2009000017', '学生'),
	('2009000030', '2009000030', '学生'),
	('2009000040', '2009000040', '学生'),
	('2009000050', '2009000050', '学生'),
	('2009000074', '2009000074', '学生'),
	('2009000081', '2009000081', '学生'),
	('2009000137', '2009000137', '学生'),
	('2009000145', '2009000145', '学生'),
	('2009000152', '2009000152', '学生'),
	('2009000174', '2009000174', '学生'),
	('2009000198', '2009000198', '学生'),
	('2009000255', '2009000255', '学生'),
	('2009000269', '2009000269', '学生'),
	('2009000282', '2009000282', '学生'),
	('2009000305', '2009000305', '学生'),
	('2009000320', '2009000320', '学生'),
	('2009000348', '2009000348', '学生'),
	('2009000360', '2009000360', '学生'),
	('2009000398', '2009000398', '学生'),
	('2009000411', '2009000411', '学生'),
	('2009000433', '2009000433', '学生'),
	('2009000448', '2009000448', '学生'),
	('2009000450', '2009000450', '学生'),
	('2009000467', '2009000467', '学生'),
	('2009000494', '2009000494', '学生'),
	('2009000533', '2009000533', '学生'),
	('2009000560', '2009000560', '学生'),
	('2009000571', '2009000571', '学生'),
	('2009000574', '2009000574', '学生'),
	('2010000037', '2010000037', '学生'),
	('2010000045', '2010000045', '学生'),
	('2010000079', '2010000079', '学生'),
	('2010000107', '2010000107', '学生'),
	('2010000113', '2010000113', '学生'),
	('2010000124', '2010000124', '学生'),
	('2010000128', '2010000128', '学生'),
	('2010000181', '2010000181', '学生'),
	('2010000187', '2010000187', '学生'),
	('2010000188', '2010000188', '学生'),
	('2010000213', '2010000213', '学生'),
	('2010000230', '2010000230', '学生'),
	('2010000296', '2010000296', '学生'),
	('2010000302', '2010000302', '学生'),
	('2010000323', '2010000323', '学生'),
	('2010000347', '2010000347', '学生'),
	('2010000351', '2010000351', '学生'),
	('2010000355', '2010000355', '学生'),
	('2010000413', '2010000413', '学生'),
	('2010000497', '2010000497', '学生'),
	('2010000499', '2010000499', '学生'),
	('2010000505', '2010000505', '学生'),
	('2010000525', '2010000525', '学生'),
	('2010000536', '2010000536', '学生'),
	('2010000540', '2010000540', '学生'),
	('2010000543', '2010000543', '学生'),
	('2010000586', '2010000586', '学生'),
	('2011000014', '2011000014', '学生'),
	('2011000036', '2011000036', '学生'),
	('2011000041', '2011000041', '学生'),
	('2011000042', '2011000042', '学生'),
	('2011000049', '2011000049', '学生'),
	('2011000082', '2011000082', '学生'),
	('2011000084', '2011000084', '学生'),
	('2011000085', '2011000085', '学生'),
	('2011000115', '2011000115', '学生'),
	('2011000125', '2011000125', '学生'),
	('2011000149', '2011000149', '学生'),
	('2011000189', '2011000189', '学生'),
	('2011000207', '2011000207', '学生'),
	('2011000210', '2011000210', '学生'),
	('2011000214', '2011000214', '学生'),
	('2011000220', '2011000220', '学生'),
	('2011000265', '2011000265', '学生'),
	('2011000324', '2011000324', '学生'),
	('2011000337', '2011000337', '学生'),
	('2011000390', '2011000390', '学生'),
	('2011000419', '2011000419', '学生'),
	('2011000420', '2011000420', '学生'),
	('2011000439', '2011000439', '学生'),
	('2011000458', '2011000458', '学生'),
	('2011000466', '2011000466', '学生'),
	('2011000475', '2011000475', '学生'),
	('2011000512', '2011000512', '学生'),
	('2011000515', '2011000515', '学生'),
	('2011000522', '2011000522', '学生'),
	('2011000566', '2011000566', '学生'),
	('2011000584', '2011000584', '学生'),
	('2012000013', '2012000013', '学生'),
	('2012000048', '2012000048', '学生'),
	('2012000072', '2012000072', '学生'),
	('2012000102', '2012000102', '学生'),
	('2012000111', '2012000111', '学生'),
	('2012000183', '2012000183', '学生'),
	('2012000221', '2012000221', '学生'),
	('2012000227', '2012000227', '学生'),
	('2012000278', '2012000278', '学生'),
	('2012000285', '2012000285', '学生'),
	('2012000300', '2012000300', '学生'),
	('2012000354', '2012000354', '学生'),
	('2012000410', '2012000410', '学生'),
	('2012000426', '2012000426', '学生'),
	('2012000427', '2012000427', '学生'),
	('2012000465', '2012000465', '学生'),
	('2012000474', '2012000474', '学生'),
	('2012000479', '2012000479', '学生'),
	('2012000573', '2012000573', '学生'),
	('2012000594', '2012000594', '学生'),
	('2013000005', '2013000005', '学生'),
	('2013000043', '2013000043', '学生'),
	('2013000051', '2013000051', '学生'),
	('2013000053', '2013000053', '学生'),
	('2013000064', '2013000064', '学生'),
	('2013000097', '2013000097', '学生'),
	('2013000158', '2013000158', '学生'),
	('2013000164', '2013000164', '学生'),
	('2013000193', '2013000193', '学生'),
	('2013000196', '2013000196', '学生'),
	('2013000205', '2013000205', '学生'),
	('2013000215', '2013000215', '学生'),
	('2013000249', '2013000249', '学生'),
	('2013000306', '2013000306', '学生'),
	('2013000334', '2013000334', '学生'),
	('2013000336', '2013000336', '学生'),
	('2013000363', '2013000363', '学生'),
	('2013000366', '2013000366', '学生'),
	('2013000396', '2013000396', '学生'),
	('2013000401', '2013000401', '学生'),
	('2013000464', '2013000464', '学生'),
	('2013000527', '2013000527', '学生'),
	('2013000549', '2013000549', '学生'),
	('2014000004', '2014000004', '学生'),
	('2014000024', '2014000024', '学生'),
	('2014000039', '2014000039', '学生'),
	('2014000056', '2014000056', '学生'),
	('2014000061', '2014000061', '学生'),
	('2014000091', '2014000091', '学生'),
	('2014000092', '2014000092', '学生'),
	('2014000101', '2014000101', '学生'),
	('2014000139', '2014000139', '学生'),
	('2014000169', '2014000169', '学生'),
	('2014000195', '2014000195', '学生'),
	('2014000234', '2014000234', '学生'),
	('2014000235', '2014000235', '学生'),
	('2014000259', '2014000259', '学生'),
	('2014000315', '2014000315', '学生'),
	('2014000331', '2014000331', '学生'),
	('2014000333', '2014000333', '学生'),
	('2014000364', '2014000364', '学生'),
	('2014000365', '2014000365', '学生'),
	('2014000378', '2014000378', '学生'),
	('2014000380', '2014000380', '学生'),
	('2014000402', '2014000402', '学生'),
	('2014000416', '2014000416', '学生'),
	('2014000432', '2014000432', '学生'),
	('2014000436', '2014000436', '学生'),
	('2014000454', '2014000454', '学生'),
	('2014000469', '2014000469', '学生'),
	('2014000476', '2014000476', '学生'),
	('2014000491', '2014000491', '学生'),
	('2014000503', '2014000503', '学生'),
	('2014000516', '2014000516', '学生'),
	('2014000534', '2014000534', '学生'),
	('2014000561', '2014000561', '学生'),
	('2014000577', '2014000577', '学生'),
	('2015000021', '2015000021', '学生'),
	('2015000059', '2015000059', '学生'),
	('2015000063', '2015000063', '学生'),
	('2015000075', '2015000075', '学生'),
	('2015000077', '2015000077', '学生'),
	('2015000099', '2015000099', '学生'),
	('2015000126', '2015000126', '学生'),
	('2015000131', '2015000131', '学生'),
	('2015000141', '2015000141', '学生'),
	('2015000153', '2015000153', '学生'),
	('2015000154', '2015000154', '学生'),
	('2015000160', '2015000160', '学生'),
	('2015000182', '2015000182', '学生'),
	('2015000200', '2015000200', '学生'),
	('2015000212', '2015000212', '学生'),
	('2015000225', '2015000225', '学生'),
	('2015000243', '2015000243', '学生'),
	('2015000246', '2015000246', '学生'),
	('2015000263', '2015000263', '学生'),
	('2015000299', '2015000299', '学生'),
	('2015000329', '2015000329', '学生'),
	('2015000424', '2015000424', '学生'),
	('2015000440', '2015000440', '学生'),
	('2015000449', '2015000449', '学生'),
	('2015000483', '2015000483', '学生'),
	('2015000486', '2015000486', '学生'),
	('2015000528', '2015000528', '学生'),
	('2015000557', '2015000557', '学生'),
	('2016000023', '2016000023', '学生'),
	('2016000033', '2016000033', '学生'),
	('2016000067', '2016000067', '学生'),
	('2016000078', '2016000078', '学生'),
	('2016000088', '2016000088', '学生'),
	('2016000090', '2016000090', '学生'),
	('2016000103', '2016000103', '学生'),
	('2016000116', '2016000116', '学生'),
	('2016000122', '2016000122', '学生'),
	('2016000184', '2016000184', '学生'),
	('2016000197', '2016000197', '学生'),
	('2016000229', '2016000229', '学生'),
	('2016000267', '2016000267', '学生'),
	('2016000279', '2016000279', '学生'),
	('2016000310', '2016000310', '学生'),
	('2016000322', '2016000322', '学生'),
	('2016000326', '2016000326', '学生'),
	('2016000343', '2016000343', '学生'),
	('2016000381', '2016000381', '学生'),
	('2016000386', '2016000386', '学生'),
	('2016000414', '2016000414', '学生'),
	('2016000453', '2016000453', '学生'),
	('2016000457', '2016000457', '学生'),
	('2016000478', '2016000478', '学生'),
	('2016000532', '2016000532', '学生'),
	('2016000587', '2016000587', '学生'),
	('2017000000', '2017000000', '学生'),
	('2017000009', '2017000009', '学生'),
	('2017000026', '2017000026', '学生'),
	('2017000083', '2017000083', '学生'),
	('2017000112', '2017000112', '学生'),
	('2017000157', '2017000157', '学生'),
	('2017000192', '2017000192', '学生'),
	('2017000223', '2017000223', '学生'),
	('2017000233', '2017000233', '学生'),
	('2017000245', '2017000245', '学生'),
	('2017000252', '2017000252', '学生'),
	('2017000266', '2017000266', '学生'),
	('2017000289', '2017000289', '学生'),
	('2017000301', '2017000301', '学生'),
	('2017000340', '2017000340', '学生'),
	('2017000369', '2017000369', '学生'),
	('2017000370', '2017000370', '学生'),
	('2017000372', '2017000372', '学生'),
	('2017000374', '2017000374', '学生'),
	('2017000397', '2017000397', '学生'),
	('2017000415', '2017000415', '学生'),
	('2017000429', '2017000429', '学生'),
	('2017000431', '2017000431', '学生'),
	('2017000442', '2017000442', '学生'),
	('2017000504', '2017000504', '学生'),eduedu
	('2017000507', '2017000507', '学生'),
	('2017000513', '2017000513', '学生'),
	('2017000531', '2017000531', '学生'),
	('2017000567', '2017000567', '学生'),
	('2017000575', '2017000575', '学生'),
	('2017000590', '2017000590', '学生'),
	('2018000011', '2018000011', '学生'),
	('2018000070', '2018000070', '学生'),
	('2018000076', '2018000076', '学生'),
	('2018000086', '2018000086', '学生'),
	('2018000105', '2018000105', '学生'),
	('2018000108', '2018000108', '学生'),
	('2018000121', '2018000121', '学生'),
	('2018000146', '2018000146', '学生'),
	('2018000166', '2018000166', '学生'),
	('2018000167', '2018000167', '学生'),
	('2018000180', '2018000180', '学生'),
	('2018000199', '2018000199', '学生'),
	('2018000231', '2018000231', '学生'),
	('2018000232', '2018000232', '学生'),
	('2018000239', '2018000239', '学生'),
	('2018000240', '2018000240', '学生'),
	('2018000251', '2018000251', '学生'),
	('2018000258', '2018000258', '学生'),
	('2018000270', '2018000270', '学生'),
	('2018000277', '2018000277', '学生'),
	('2018000280', '2018000280', '学生'),
	('2018000284', '2018000284', '学生'),
	('2018000303', '2018000303', '学生'),
	('2018000342', '2018000342', '学生'),
	('2018000350', '2018000350', '学生'),
	('2018000376', '2018000376', '学生'),
	('2018000383', '2018000383', '学生'),
	('2018000418', '2018000418', '学生'),
	('2018000447', '2018000447', '学生'),
	('2018000489', '2018000489', '学生'),
	('2018000526', '2018000526', '学生'),
	('2018000530', '2018000530', '学生'),
	('2018000579', '2018000579', '学生'),
	('2018000582', '2018000582', '学生'),
	('2019000015', '2019000015', '学生'),
	('2019000027', '2019000027', '学生'),
	('2019000055', '2019000055', '学生'),
	('2019000062', '2019000062', '学生'),
	('2019000068', '2019000068', '学生'),
	('2019000069', '2019000069', '学生'),
	('2019000089', '2019000089', '学生'),
	('2019000118', '2019000118', '学生'),
	('2019000130', '2019000130', '学生'),
	('2019000133', '2019000133', '学生'),
	('2019000140', '2019000140', '学生'),
	('2019000151', '2019000151', '学生'),
	('2019000177', '2019000177', '学生'),
	('2019000250', '2019000250', '学生'),
	('2019000253', '2019000253', '学生'),
	('2019000261', '2019000261', '学生'),
	('2019000274', '2019000274', '学生'),
	('2019000311', '2019000311', '学生'),
	('2019000313', '2019000313', '学生'),
	('2019000335', '2019000335', '学生'),
	('2019000345', '2019000345', '学生'),
	('2019000371', '2019000371', '学生'),
	('2019000400', '2019000400', '学生'),
	('2019000422', '2019000422', '学生'),
	('2019000425', '2019000425', '学生'),
	('2019000434', '2019000434', '学生'),
	('2019000441', '2019000441', '学生'),
	('2019000444', '2019000444', '学生'),
	('2019000461', '2019000461', '学生'),
	('2019000462', '2019000462', '学生'),
	('2019000487', '2019000487', '学生'),
	('2019000492', '2019000492', '学生'),
	('2019000521', '2019000521', '学生'),
	('2019000548', '2019000548', '学生'),
	('2019000578', '2019000578', '学生'),
	('2019000593', '2019000593', '学生'),
	('2019000595', '2019000595', '学生'),
	('2020000002', '2020000002', '学生'),
	('2020000010', '2020000010', '学生'),
	('2020000020', '2020000020', '学生'),
	('2020000094', '2020000094', '学生'),
	('2020000096', '2020000096', '学生'),
	('2020000104', '2020000104', '学生'),
	('2020000109', '2020000109', '学生'),
	('2020000123', '2020000123', '学生'),
	('2020000161', '2020000161', '学生'),
	('2020000178', '2020000178', '学生'),
	('2020000185', '2020000185', '学生'),
	('2020000219', '2020000219', '学生'),
	('2020000244', '2020000244', '学生'),
	('2020000257', '2020000257', '学生'),
	('2020000283', '2020000283', '学生'),
	('2020000290', '2020000290', '学生'),
	('2020000293', '2020000293', '学生'),
	('2020000373', '2020000373', '学生'),
	('2020000392', '2020000392', '学生'),
	('2020000406', '2020000406', '学生'),
	('2020000460', '2020000460', '学生'),
	('2020000506', '2020000506', '学生'),
	('2020000519', '2020000519', '学生'),
	('2020000520', '2020000520', '学生'),
	('2020000523', '2020000523', '学生'),
	('2020000538', '2020000538', '学生'),
	('2020000542', '2020000542', '学生'),
	('2020000554', '2020000554', '学生'),
	('2020000556', '2020000556', '学生'),
	('2020000585', '2020000585', '学生');
/*!40000 ALTER TABLE `user` ENABLE KEYS */;

/*!40101 SET SQL_MODE=IFNULL(@OLD_SQL_MODE, '') */;
/*!40014 SET FOREIGN_KEY_CHECKS=IF(@OLD_FOREIGN_KEY_CHECKS IS NULL, 1, @OLD_FOREIGN_KEY_CHECKS) */;
/*!40101 SET CHARACTER_SET_CLIENT=@OLD_CHARACTER_SET_CLIENT */;
classgradeclassgradeeduedu