name,password,type
0000,0000,教师
0001,0001,教师
0002,0002,教师
0003,0003,教师
0004,0004,教师
0005,0005,教师
0006,0006,教师
0007,0007,教师
0008,0008,教师
0009,0009,教师
0010,0010,教师
0011,0011,教师
0012,0012,教师
0013,0013,教师
0014,0014,教师
0015,0015,教师
0016,0016,教师
0017,0017,教师
0018,0018,教师
0019,0019,教师
0020,0020,教师
0021,0021,教师
0022,0022,教师
0023,0023,教师
0024,0024,教师
0025,0025,教师
0026,0026,教师
0027,0027,教师
0028,0028,教师
0029,0029,教师
0030,0030,教师
0031,0031,教师
0032,0032,教师
0033,0033,教师
0034,0034,教师
0035,0035,教师
0036,0036,教师
0037,0037,教师
0038,0038,教师
0039,0039,教师
0040,0040,教师
0041,0041,教师
0042,0042,教师
0043,0043,教师
0044,0044,教师
0045,0045,教师
0046,0046,教师
0047,0047,教师
0048,0048,教师
0049,0049,教师
0050,0050,教师
0051,0051,教师
0052,0052,教师
0053,0053,教师
0054,0054,教师
0055,0055,教师
0056,0056,教师
0057,0057,教师
0058,0058,教师
0059,0059,教师
0060,0060,教师
0061,0061,教师
0062,0062,教师
0063,0063,教师
0064,0064,教师
0065,0065,教师
0066,0066,教师
0067,0067,教师
0068,0068,教师
0069,0069,教师
0070,0070,教师
0071,0071,教师
0072,0072,教师
0073,0073,教师
0074,0074,教师
0075,0075,教师
0076,0076,教师
0077,0077,教师
0078,0078,教师
0079,0079,教师
0080,0080,教师
0081,0081,教师
0082,0082,教师
0083,0083,教师
0084,0084,教师
0085,0085,教师
0086,0086,教师
0087,0087,教师
0088,0088,教师
0089,0089,教师
0090,0090,教师
0091,0091,教师
0092,0092,教师
0093,0093,教师
0094,0094,教师
0095,0095,教师
0096,0096,教师
0097,0097,教师
0098,0098,教师
0099,0099,教师
0100,0100,教师
0101,0101,教师
0102,0102,教师
0103,0103,教师
0104,0104,教师
0105,0105,教师
0106,0106,教师
0107,0107,教师
0108,0108,教师
0109,0109,教师
0110,0110,教师
0111,0111,教师
0112,0112,教师
0113,0113,教师
0114,0114,教师
0115,0115,教师
0116,0116,教师
0117,0117,教师
0118,0118,教师
0119,0119,教师
0120,0120,教师
0121,0121,教师
0122,0122,教师
0123,0123,教师
0124,0124,教师
0125,0125,教师
0126,0126,教师
0127,0127,教师
0128,0128,教师
0129,0129,教师
0130,0130,教师
0131,0131,教师
0132,0132,教师
0133,0133,教师
0134,0134,教师
0135,0135,教师
0136,0136,教师
0137,0137,教师
0138,0138,教师
0139,0139,教师
0140,0140,教师
0141,0141,教师
0142,0142,教师
0143,0143,教师
0144,0144,教师
0145,0145,教师
0146,0146,教师
0147,0147,教师
0148,0148,教师
0149,0149,教师
0150,0150,教师
0151,0151,教师
0152,0152,教师
0153,0153,教师
0154,0154,教师
0155,0155,教师
0156,0156,教师
0157,0157,教师
0158,0158,教师
0159,0159,教师
0160,0160,教师
0161,0161,教师
0162,0162,教师
0163,0163,教师
0164,0164,教师
0165,0165,教师
0166,0166,教师
0167,0167,教师
0168,0168,教师
0169,0169,教师
0170,0170,教师
0171,0171,教师
0172,0172,教师
0173,0173,教师
0174,0174,教师
0175,0175,教师
0176,0176,教师
0177,0177,教师
0178,0178,教师
0179,0179,教师
0180,0180,教师
0181,0181,教师
0182,0182,教师
0183,0183,教师
0184,0184,教师
0185,0185,教师
0186,0186,教师
0187,0187,教师
0188,0188,教师
0189,0189,教师
0190,0190,教师
0191,0191,教师
0192,0192,教师
0193,0193,教师
0194,0194,教师
0195,0195,教师
0196,0196,教师
0197,0197,教师
0198,0198,教师
0199,0199,教师
0200,0200,教师
0201,0201,教师
